ord,inegi,ife,edon,edo,mun
1,1001,1001,1,ags,Aguascalientes
2,1002,1002,1,ags,Asientos
3,1003,1003,1,ags,Calvillo
4,1004,1004,1,ags,Cosío
5,1005,1005,1,ags,Jesús María
6,1006,1006,1,ags,Pabellón de Arteaga
7,1007,1007,1,ags,Rincón de Romos
8,1008,1008,1,ags,San José de Gracia
9,1009,1009,1,ags,Tepezalá
10,1010,1011,1,ags,Llano--El
11,1011,1010,1,ags,San Francisco de los Romo
12,2001,2001,2,bc,Ensenada
13,2002,2002,2,bc,Mexicali
14,2003,2003,2,bc,Tecate
15,2004,2004,2,bc,Tijuana
16,2005,2005,2,bc,Playas de Rosarito
17,3001,3001,3,bcs,Comondú
18,3002,3002,3,bcs,Mulegé
19,3003,3003,3,bcs,Paz--La
20,3008,3004,3,bcs,Cabos--Los
21,3009,3005,3,bcs,Loreto
22,4001,4002,4,cam,Calkiní
23,4002,4001,4,cam,Campeche
24,4003,4003,4,cam,Carmen
25,4004,4004,4,cam,Champotón
26,4005,4005,4,cam,Hecelchakán
27,4006,4006,4,cam,Hopelchén
28,4007,4007,4,cam,Palizada
29,4008,4008,4,cam,Tenabo
30,4009,4009,4,cam,Escárcega
31,4010,4011,4,cam,Calakmul
32,4011,4010,4,cam,Candelaria
33,5001,5001,5,coa,Abasolo
34,5002,5002,5,coa,Acuña
35,5003,5003,5,coa,Allende
36,5004,5004,5,coa,Arteaga
37,5005,5005,5,coa,Candela
38,5006,5006,5,coa,Castaños
39,5007,5007,5,coa,Cuatrociénegas
40,5008,5008,5,coa,Escobedo
41,5009,5009,5,coa,Francisco I. Madero
42,5010,5010,5,coa,Frontera
43,5011,5011,5,coa,General Cepeda
44,5012,5012,5,coa,Guerrero
45,5013,5013,5,coa,Hidalgo
46,5014,5014,5,coa,Jiménez
47,5015,5015,5,coa,Juárez
48,5016,5016,5,coa,Lamadrid
49,5017,5017,5,coa,Matamoros
50,5018,5018,5,coa,Monclova
51,5019,5019,5,coa,Morelos
52,5020,5020,5,coa,Múzquiz
53,5021,5021,5,coa,Nadadores
54,5022,5022,5,coa,Nava
55,5023,5023,5,coa,Ocampo
56,5024,5024,5,coa,Parras
57,5025,5025,5,coa,Piedras Negras
58,5026,5026,5,coa,Progreso
59,5027,5027,5,coa,Ramos Arizpe
60,5028,5028,5,coa,Sabinas
61,5029,5029,5,coa,Sacramento
62,5030,5030,5,coa,Saltillo
63,5031,5031,5,coa,San Buenaventura
64,5032,5032,5,coa,San Juan de Sabinas
65,5033,5033,5,coa,San Pedro
66,5034,5034,5,coa,Sierra Mojada
67,5035,5035,5,coa,Torreón
68,5036,5036,5,coa,Viesca
69,5037,5037,5,coa,Villa Unión
70,5038,5038,5,coa,Zaragoza
71,6001,6006,6,col,Armería
72,6002,6001,6,col,Colima
73,6003,6002,6,col,Comala
74,6004,6003,6,col,Coquimatlán
75,6005,6004,6,col,Cuauhtémoc
76,6006,6007,6,col,Ixtlahuacán
77,6007,6008,6,col,Manzanillo
78,6008,6009,6,col,Minatitlán
79,6009,6010,6,col,Tecomán
80,6010,6005,6,col,Villa de Álvarez
81,7001,7001,7,cps,Acacoyagua
82,7002,7002,7,cps,Acala
83,7003,7003,7,cps,Acapetahua
84,7004,7004,7,cps,Altamirano
85,7005,7005,7,cps,Amatán
86,7006,7006,7,cps,Amatenango de la Frontera
87,7007,7007,7,cps,Amatenango del Valle
88,7008,7008,7,cps,Ángel Albino Corzo
89,7009,7009,7,cps,Arriaga
90,7010,7010,7,cps,Bejucal de Ocampo
91,7011,7011,7,cps,Bella Vista
92,7012,7012,7,cps,Berriozábal
93,7013,7013,7,cps,Bochil
94,7014,7014,7,cps,Bosque--El
95,7015,7015,7,cps,Cacahoatán
96,7016,7016,7,cps,Catazajá
97,7017,7017,7,cps,Cintalapa
98,7018,7018,7,cps,Coapilla
99,7019,7019,7,cps,Comitán de Domínguez
100,7020,7020,7,cps,Concordia--La
101,7021,7021,7,cps,Copainalá
102,7022,7022,7,cps,Chalchihuitán
103,7023,7023,7,cps,Chamula
104,7024,7024,7,cps,Chanal
105,7025,7025,7,cps,Chapultenango
106,7026,7026,7,cps,Chenalhó
107,7027,7027,7,cps,Chiapa de Corzo
108,7028,7028,7,cps,Chiapilla
109,7029,7029,7,cps,Chicoasén
110,7030,7030,7,cps,Chicomuselo
111,7031,7031,7,cps,Chilón
112,7032,7032,7,cps,Escuintla
113,7033,7033,7,cps,Francisco León
114,7034,7034,7,cps,Frontera Comalapa
115,7035,7035,7,cps,Frontera Hidalgo
116,7036,7036,7,cps,Grandeza--La
117,7037,7037,7,cps,Huehuetán
118,7038,7039,7,cps,Huixtán
119,7039,7038,7,cps,Huitiupán
120,7040,7040,7,cps,Huixtla
121,7041,7041,7,cps,Independencia--La
122,7042,7042,7,cps,Ixhuatán
123,7043,7043,7,cps,Ixtacomitán
124,7044,7044,7,cps,Ixtapa
125,7045,7045,7,cps,Ixtapangajoya
126,7046,7046,7,cps,Jiquipilas
127,7047,7047,7,cps,Jitotol
128,7048,7048,7,cps,Juárez
129,7049,7049,7,cps,Larráinzar
130,7050,7050,7,cps,Libertad--La
131,7051,7051,7,cps,Mapastepec
132,7052,7052,7,cps,Margaritas--Las
133,7053,7053,7,cps,Mazapa de Madero
134,7054,7054,7,cps,Mazatán
135,7055,7055,7,cps,Metapa
136,7056,7056,7,cps,Mitontic
137,7057,7057,7,cps,Motozintla
138,7058,7058,7,cps,Nicolás Ruiz
139,7059,7059,7,cps,Ocosingo
140,7060,7060,7,cps,Ocotepec
141,7061,7061,7,cps,Ocozocoautla de Espinosa
142,7062,7062,7,cps,Ostuacán
143,7063,7063,7,cps,Osumacinta
144,7064,7064,7,cps,Oxchuc
145,7065,7065,7,cps,Palenque
146,7066,7066,7,cps,Pantelhó
147,7067,7067,7,cps,Pantepec
148,7068,7068,7,cps,Pichucalco
149,7069,7069,7,cps,Pijijiapan
150,7070,7070,7,cps,Porvenir--El
151,7071,7107,7,cps,Villa Comaltitlán
152,7072,7071,7,cps,Pueblo Nuevo Solistahuacán
153,7073,7072,7,cps,Rayón
154,7074,7073,7,cps,Reforma
155,7075,7074,7,cps,Rosas--Las
156,7076,7075,7,cps,Sabanilla
157,7077,7076,7,cps,Salto de Agua
158,7078,7077,7,cps,San Cristóbal de las Casas
159,7079,7078,7,cps,San Fernando
160,7080,7081,7,cps,Siltepec
161,7081,7082,7,cps,Simojovel
162,7082,7083,7,cps,Sitalá
163,7083,7084,7,cps,Socoltenango
164,7084,7085,7,cps,Solosuchiapa
165,7085,7086,7,cps,Soyaló
166,7086,7087,7,cps,Suchiapa
167,7087,7088,7,cps,Suchiate
168,7088,7089,7,cps,Sunuapa
169,7089,7090,7,cps,Tapachula
170,7090,7091,7,cps,Tapalapa
171,7091,7092,7,cps,Tapilula
172,7092,7093,7,cps,Tecpatán
173,7093,7094,7,cps,Tenejapa
174,7094,7095,7,cps,Teopisca
175,7096,7096,7,cps,Tila
176,7097,7097,7,cps,Tonalá
177,7098,7098,7,cps,Totolapa
178,7099,7099,7,cps,Trinitaria--La
179,7100,7100,7,cps,Tumbalá
180,7101,7102,7,cps,Tuxtla Gutiérrez
181,7102,7101,7,cps,Tuxtla Chico
182,7103,7103,7,cps,Tuzantán
183,7104,7104,7,cps,Tzimol
184,7105,7105,7,cps,Unión Juárez
185,7106,7106,7,cps,Venustiano Carranza
186,7107,7108,7,cps,Villa Corzo
187,7108,7109,7,cps,Villaflores
188,7109,7110,7,cps,Yajalón
189,7110,7080,7,cps,San Lucas
190,7111,7111,7,cps,Zinacantán
191,7112,7079,7,cps,San Juan Cancuc
192,7113,7112,7,cps,Aldama
193,7114,7113,7,cps,Benemérito de las Américas
194,7115,7114,7,cps,Maravilla Tenejapa
195,7116,7115,7,cps,Marqués de Comillas
196,7117,7116,7,cps,Montecristo de Guerrero
197,7118,7117,7,cps,San Andrés Duraznal
198,7119,7118,7,cps,Santiago el Pinar
199,0,7119,7,cps,Belisario Domínguez
200,0,7120,7,cps,Emiliano Zapata
201,0,7121,7,cps,Mezcalapa
202,0,7122,7,cps,Parral--El
203,0,7123,7,cps,Capitán Luis A. Vidal
204,0,7124,7,cps,Rincón Chamula
205,8001,8001,8,cua,Ahumada
206,8002,8002,8,cua,Aldama
207,8003,8003,8,cua,Allende
208,8004,8004,8,cua,Aquiles Serdán
209,8005,8005,8,cua,Ascensión
210,8006,8006,8,cua,Bachíniva
211,8007,8007,8,cua,Balleza
212,8008,8008,8,cua,Batopilas
213,8009,8009,8,cua,Bocoyna
214,8010,8010,8,cua,Buenaventura
215,8011,8011,8,cua,Camargo
216,8012,8012,8,cua,Carichí
217,8013,8013,8,cua,Casas Grandes
218,8014,8014,8,cua,Coronado
219,8015,8015,8,cua,Coyame del Sotol
220,8016,8016,8,cua,Cruz--La
221,8017,8017,8,cua,Cuauhtémoc
222,8018,8018,8,cua,Cusihuiriachi
223,8019,8019,8,cua,Chihuahua
224,8020,8020,8,cua,Chínipas
225,8021,8021,8,cua,Delicias
226,8022,8022,8,cua,Dr. Belisario Domínguez
227,8023,8023,8,cua,Galeana
228,8024,8024,8,cua,Santa Isabel
229,8025,8025,8,cua,Gómez Farías
230,8026,8026,8,cua,Gran Morelos
231,8027,8027,8,cua,Guachochi
232,8028,8028,8,cua,Guadalupe
233,8029,8029,8,cua,Guadalupe y Calvo
234,8030,8030,8,cua,Guazapares
235,8031,8031,8,cua,Guerrero
236,8032,8032,8,cua,Hidalgo del Parral
237,8033,8033,8,cua,Huejotitán
238,8034,8034,8,cua,Ignacio Zaragoza
239,8035,8035,8,cua,Janos
240,8036,8036,8,cua,Jiménez
241,8037,8037,8,cua,Juárez
242,8038,8038,8,cua,Julimes
243,8039,8039,8,cua,López
244,8040,8040,8,cua,Madera
245,8041,8041,8,cua,Maguarichi
246,8042,8042,8,cua,Manuel Benavides
247,8043,8043,8,cua,Matachí
248,8044,8044,8,cua,Matamoros
249,8045,8045,8,cua,Meoqui
250,8046,8046,8,cua,Morelos
251,8047,8047,8,cua,Moris
252,8048,8048,8,cua,Namiquipa
253,8049,8049,8,cua,Nonoava
254,8050,8050,8,cua,Nuevo Casas Grandes
255,8051,8051,8,cua,Ocampo
256,8052,8052,8,cua,Ojinaga
257,8053,8053,8,cua,Praxedis G. Guerrero
258,8054,8054,8,cua,Riva Palacio
259,8055,8055,8,cua,Rosales
260,8056,8056,8,cua,Rosario
261,8057,8057,8,cua,San Francisco de Borja
262,8058,8058,8,cua,San Francisco de Conchos
263,8059,8059,8,cua,San Francisco del Oro
264,8060,8060,8,cua,Santa Bárbara
265,8061,8061,8,cua,Satevó
266,8062,8062,8,cua,Saucillo
267,8063,8063,8,cua,Temosachic
268,8064,8064,8,cua,Tule--El
269,8065,8065,8,cua,Urique
270,8066,8066,8,cua,Uruachi
271,8067,8067,8,cua,Valle de Zaragoza
272,9002,9002,9,df,Azcapotzalco
273,9003,9003,9,df,Coyoacán
274,9004,9004,9,df,Cuajimalpa de Morelos
275,9005,9005,9,df,Gustavo A. Madero
276,9006,9006,9,df,Iztacalco
277,9007,9007,9,df,Iztapalapa
278,9008,9008,9,df,Magdalena Contreras--La
279,9009,9009,9,df,Milpa Alta
280,9010,9010,9,df,Álvaro Obregón
281,9011,9011,9,df,Tláhuac
282,9012,9012,9,df,Tlalpan
283,9013,9013,9,df,Xochimilco
284,9014,9014,9,df,Benito Juárez
285,9015,9015,9,df,Cuauhtémoc
286,9016,9016,9,df,Miguel Hidalgo
287,9017,9017,9,df,Venustiano Carranza
288,10001,10001,10,dgo,Canatlán
289,10002,10002,10,dgo,Canelas
290,10003,10003,10,dgo,Coneto de Comonfort
291,10004,10004,10,dgo,Cuencamé
292,10005,10005,10,dgo,Durango
293,10006,10006,10,dgo,General Simón Bolívar
294,10007,10007,10,dgo,Gómez Palacio
295,10008,10008,10,dgo,Guadalupe Victoria
296,10009,10009,10,dgo,Guanaceví
297,10010,10010,10,dgo,Hidalgo
298,10011,10011,10,dgo,Indé
299,10012,10012,10,dgo,Lerdo
300,10013,10013,10,dgo,Mapimí
301,10014,10014,10,dgo,Mezquital
302,10015,10015,10,dgo,Nazas
303,10016,10016,10,dgo,Nombre de Dios
304,10017,10018,10,dgo,Ocampo
305,10018,10019,10,dgo,Oro--El
306,10019,10020,10,dgo,Otáez
307,10020,10021,10,dgo,Pánuco de Coronado
308,10021,10022,10,dgo,Peñón Blanco
309,10022,10023,10,dgo,Poanas
310,10023,10024,10,dgo,Pueblo Nuevo
311,10024,10025,10,dgo,Rodeo
312,10025,10026,10,dgo,San Bernardo
313,10026,10027,10,dgo,San Dimas
314,10027,10028,10,dgo,San Juan de Guadalupe
315,10028,10029,10,dgo,San Juan del Río
316,10029,10030,10,dgo,San Luis del Cordero
317,10030,10031,10,dgo,San Pedro del Gallo
318,10031,10032,10,dgo,Santa Clara
319,10032,10033,10,dgo,Santiago Papasquiaro
320,10033,10034,10,dgo,Súchil
321,10034,10035,10,dgo,Tamazula
322,10035,10036,10,dgo,Tepehuanes
323,10036,10037,10,dgo,Tlahualilo
324,10037,10038,10,dgo,Topia
325,10038,10039,10,dgo,Vicente Guerrero
326,10039,10017,10,dgo,Nuevo Ideal
327,11001,11001,11,gua,Abasolo
328,11002,11002,11,gua,Acámbaro
329,11003,11003,11,gua,San Miguel de Allende
330,11004,11004,11,gua,Apaseo el Alto
331,11005,11005,11,gua,Apaseo el Grande
332,11006,11006,11,gua,Atarjea
333,11007,11007,11,gua,Celaya
334,11008,11008,11,gua,Manuel Doblado
335,11009,11009,11,gua,Comonfort
336,11010,11010,11,gua,Coroneo
337,11011,11011,11,gua,Cortazar
338,11012,11012,11,gua,Cuerámaro
339,11013,11013,11,gua,Doctor Mora
340,11014,11014,11,gua,Dolores Hidalgo
341,11015,11015,11,gua,Guanajuato
342,11016,11016,11,gua,Huanímaro
343,11017,11017,11,gua,Irapuato
344,11018,11018,11,gua,Jaral del Progreso
345,11019,11019,11,gua,Jerécuaro
346,11020,11020,11,gua,León
347,11021,11021,11,gua,Moroleón
348,11022,11022,11,gua,Ocampo
349,11023,11023,11,gua,Pénjamo
350,11024,11024,11,gua,Pueblo Nuevo
351,11025,11025,11,gua,Purísima del Rincón
352,11026,11026,11,gua,Romita
353,11027,11027,11,gua,Salamanca
354,11028,11028,11,gua,Salvatierra
355,11029,11029,11,gua,San Diego de la Unión
356,11030,11030,11,gua,San Felipe
357,11031,11031,11,gua,San Francisco del Rincón
358,11032,11032,11,gua,San José Iturbide
359,11033,11033,11,gua,San Luis de la Paz
360,11034,11034,11,gua,Santa Catarina
361,11035,11035,11,gua,Santa Cruz de Juventino Rosas
362,11036,11036,11,gua,Santiago Maravatío
363,11037,11037,11,gua,Silao
364,11038,11038,11,gua,Tarandacuao
365,11039,11039,11,gua,Tarimoro
366,11040,11040,11,gua,Tierra Blanca
367,11041,11041,11,gua,Uriangato
368,11042,11042,11,gua,Valle de Santiago
369,11043,11043,11,gua,Victoria
370,11044,11044,11,gua,Villagrán
371,11045,11045,11,gua,Xichú
372,11046,11046,11,gua,Yuriria
373,12001,12001,12,gue,Acapulco de Juárez
374,12002,12002,12,gue,Ahuacuotzingo
375,12003,12003,12,gue,Ajuchitlán del Progreso
376,12004,12004,12,gue,Alcozauca de Guerrero
377,12005,12005,12,gue,Alpoyeca
378,12006,12006,12,gue,Apaxtla
379,12007,12007,12,gue,Arcelia
380,12008,12008,12,gue,Atenango del Río
381,12009,12009,12,gue,Atlamajalcingo del Monte
382,12010,12010,12,gue,Atlixtac
383,12011,12011,12,gue,Atoyac de Álvarez
384,12012,12012,12,gue,Ayutla de los Libres
385,12013,12013,12,gue,Azoyú
386,12014,12014,12,gue,Benito Juárez
387,12015,12015,12,gue,Buenavista de Cuéllar
388,12016,12016,12,gue,Coahuayutla de José María Izazaga
389,12017,12017,12,gue,Cocula
390,12018,12018,12,gue,Copala
391,12019,12019,12,gue,Copalillo
392,12020,12020,12,gue,Copanatoyac
393,12021,12021,12,gue,Coyuca de Benítez
394,12022,12022,12,gue,Coyuca de Catalán
395,12023,12023,12,gue,Cuajinicuilapa
396,12024,12024,12,gue,Cualác
397,12025,12025,12,gue,Cuautepec
398,12026,12026,12,gue,Cuetzala del Progreso
399,12027,12027,12,gue,Cutzamala de Pinzón
400,12028,12028,12,gue,Chilapa de Álvarez
401,12029,12029,12,gue,Chilpancingo de los Bravo
402,12030,12031,12,gue,Florencio Villarreal
403,12031,12032,12,gue,General Canuto A. Neri
404,12032,12033,12,gue,General Heliodoro Castillo
405,12033,12034,12,gue,Huamuxtitlán
406,12034,12035,12,gue,Huitzuco de los Figueroa
407,12035,12036,12,gue,Iguala de la Independencia
408,12036,12037,12,gue,Igualapa
409,12037,12038,12,gue,Ixcateopan de Cuauhtémoc
410,12038,12039,12,gue,Zihuatanejo de Azueta
411,12039,12040,12,gue,Juan R. Escudero
412,12040,12041,12,gue,Leonardo Bravo
413,12041,12042,12,gue,Malinaltepec
414,12042,12043,12,gue,Mártir de Cuilapan
415,12043,12044,12,gue,Metlatónoc
416,12044,12045,12,gue,Mochitlán
417,12045,12046,12,gue,Olinalá
418,12046,12047,12,gue,Ometepec
419,12047,12048,12,gue,Pedro Ascencio Alquisiras
420,12048,12049,12,gue,Petatlán
421,12049,12050,12,gue,Pilcaya
422,12050,12051,12,gue,Pungarabato
423,12051,12052,12,gue,Quechultenango
424,12052,12053,12,gue,San Luis Acatlán
425,12053,12054,12,gue,San Marcos
426,12054,12055,12,gue,San Miguel Totolapan
427,12055,12056,12,gue,Taxco de Alarcón
428,12056,12057,12,gue,Tecoanapa
429,12057,12058,12,gue,Técpan de Galeana
430,12058,12059,12,gue,Teloloapan
431,12059,12060,12,gue,Tepecoacuilco de Trujano
432,12060,12061,12,gue,Tetipac
433,12061,12062,12,gue,Tixtla de Guerrero
434,12062,12063,12,gue,Tlacoachistlahuaca
435,12063,12064,12,gue,Tlacoapa
436,12064,12065,12,gue,Tlalchapa
437,12065,12066,12,gue,Tlalixtaquilla de Maldonado
438,12066,12067,12,gue,Tlapa de Comonfort
439,12067,12068,12,gue,Tlapehuala
440,12068,12069,12,gue,Unión de Isidoro Montes de Oca--La
441,12069,12070,12,gue,Xalpatláhuac
442,12070,12071,12,gue,Xochihuehuetlán
443,12071,12072,12,gue,Xochistlahuaca
444,12072,12073,12,gue,Zapotitlán Tablas
445,12073,12074,12,gue,Zirándaro
446,12074,12075,12,gue,Zitlala
447,12075,12030,12,gue,Eduardo Neri
448,12076,12076,12,gue,Acatepec
449,12077,12080,12,gue,Marquelia
450,12078,12079,12,gue,Cochoapa el Grande
451,12079,0,12,gue,José Joaquín de Herrera
452,12080,12081,12,gue,Juchitán
453,12081,0,12,gue,Iliatenco
454,13001,13001,13,hgo,Acatlán
455,13002,13002,13,hgo,Acaxochitlán
456,13003,13003,13,hgo,Actopan
457,13004,13004,13,hgo,Agua Blanca de Iturbide
458,13005,13005,13,hgo,Ajacuba
459,13006,13006,13,hgo,Alfajayucan
460,13007,13007,13,hgo,Almoloya
461,13008,13008,13,hgo,Apan
462,13009,13019,13,hgo,Arenal--El
463,13010,13009,13,hgo,Atitalaquia
464,13011,13010,13,hgo,Atlapexco
465,13012,13011,13,hgo,Atotonilco el Grande
466,13013,13012,13,hgo,Atotonilco de Tula
467,13014,13013,13,hgo,Calnali
468,13015,13014,13,hgo,Cardonal
469,13016,13015,13,hgo,Cuautepec de Hinojosa
470,13017,13016,13,hgo,Chapantongo
471,13018,13017,13,hgo,Chapulhuacán
472,13019,13018,13,hgo,Chilcuautla
473,13020,13020,13,hgo,Eloxochitlán
474,13021,13021,13,hgo,Emiliano Zapata
475,13022,13022,13,hgo,Epazoyucan
476,13023,13023,13,hgo,Francisco I. Madero
477,13024,13024,13,hgo,Huasca de Ocampo
478,13025,13025,13,hgo,Huautla
479,13026,13026,13,hgo,Huazalingo
480,13027,13027,13,hgo,Huehuetla
481,13028,13028,13,hgo,Huejutla de Reyes
482,13029,13029,13,hgo,Huichapan
483,13030,13030,13,hgo,Ixmiquilpan
484,13031,13031,13,hgo,Jacala de Ledezma
485,13032,13032,13,hgo,Jaltocán
486,13033,13033,13,hgo,Juárez Hidalgo
487,13034,13035,13,hgo,Lolotla
488,13035,13036,13,hgo,Metepec
489,13036,13050,13,hgo,San Agustín Metzquititlán
490,13037,13037,13,hgo,Metztitlán
491,13038,13038,13,hgo,Mineral del Chico
492,13039,13039,13,hgo,Mineral del Monte
493,13040,13034,13,hgo,Misión--La
494,13041,13041,13,hgo,Mixquiahuala de Juárez
495,13042,13042,13,hgo,Molango de Escamilla
496,13043,13043,13,hgo,Nicolás Flores
497,13044,13044,13,hgo,Nopala de Villagrán
498,13045,13045,13,hgo,Omitlán de Juárez
499,13046,13053,13,hgo,San Felipe Orizatlán
500,13047,13046,13,hgo,Pacula
501,13048,13047,13,hgo,Pachuca de Soto
502,13049,13048,13,hgo,Pisaflores
503,13050,13049,13,hgo,Progreso de Obregón
504,13051,13040,13,hgo,Mineral de la Reforma
505,13052,13051,13,hgo,San Agustín Tlaxiaca
506,13053,13052,13,hgo,San Bartolo Tutotepec
507,13054,13054,13,hgo,San Salvador
508,13055,13055,13,hgo,Santiago de Anaya
509,13056,13056,13,hgo,Santiago Tulantepec de Lugo Guerrero
510,13057,13057,13,hgo,Singuilucan
511,13058,13058,13,hgo,Tasquillo
512,13059,13059,13,hgo,Tecozautla
513,13060,13060,13,hgo,Tenango de Doria
514,13061,13061,13,hgo,Tepeapulco
515,13062,13062,13,hgo,Tepehuacán de Guerrero
516,13063,13063,13,hgo,Tepeji del Río de Ocampo
517,13064,13064,13,hgo,Tepetitlán
518,13065,13065,13,hgo,Tetepango
519,13066,13077,13,hgo,Villa de Tezontepec
520,13067,13066,13,hgo,Tezontepec de Aldama
521,13068,13067,13,hgo,Tianguistengo
522,13069,13068,13,hgo,Tizayuca
523,13070,13069,13,hgo,Tlahuelilpan
524,13071,13070,13,hgo,Tlahuiltepa
525,13072,13071,13,hgo,Tlanalapa
526,13073,13072,13,hgo,Tlanchinol
527,13074,13073,13,hgo,Tlaxcoapan
528,13075,13074,13,hgo,Tolcayuca
529,13076,13075,13,hgo,Tula de Allende
530,13077,13076,13,hgo,Tulancingo de Bravo
531,13078,13078,13,hgo,Xochiatipan
532,13079,13079,13,hgo,Xochicoatlán
533,13080,13080,13,hgo,Yahualica
534,13081,13081,13,hgo,Zacualtipán de Ángeles
535,13082,13082,13,hgo,Zapotlán de Juárez
536,13083,13083,13,hgo,Zempoala
537,13084,13084,13,hgo,Zimapán
538,14001,14001,14,jal,Acatic
539,14002,14002,14,jal,Acatlán de Juárez
540,14003,14003,14,jal,Ahualulco de Mercado
541,14004,14004,14,jal,Amacueca
542,14005,14005,14,jal,Amatitán
543,14006,14006,14,jal,Ameca
544,14007,14007,14,jal,San Juanito de Escobedo
545,14008,14008,14,jal,Arandas
546,14009,14009,14,jal,Arenal--El
547,14010,14010,14,jal,Atemajac de Brizuela
548,14011,14011,14,jal,Atengo
549,14012,14012,14,jal,Atenguillo
550,14013,14013,14,jal,Atotonilco el Alto
551,14014,14014,14,jal,Atoyac
552,14015,14015,14,jal,Autlán de Navarro
553,14016,14016,14,jal,Ayotlán
554,14017,14017,14,jal,Ayutla
555,14018,14018,14,jal,Barca--La
556,14019,14019,14,jal,Bolaños
557,14020,14020,14,jal,Cabo Corrientes
558,14021,14021,14,jal,Casimiro Castillo
559,14022,14022,14,jal,Cihuatlán
560,14023,14023,14,jal,Zapotlán El Grande
561,14024,14025,14,jal,Cocula
562,14025,14026,14,jal,Colotlán
563,14026,14027,14,jal,Concepción de Buenos Aires
564,14027,14028,14,jal,Cuautitlán de García Barragán
565,14028,14029,14,jal,Cuautla
566,14029,14030,14,jal,Cuquío
567,14030,14031,14,jal,Chapala
568,14031,14032,14,jal,Chimaltitán
569,14032,14033,14,jal,Chiquilistlán
570,14033,14034,14,jal,Degollado
571,14034,14035,14,jal,Ejutla
572,14035,14036,14,jal,Encarnación de Díaz
573,14036,14037,14,jal,Etzatlán
574,14037,14039,14,jal,Grullo--El
575,14038,14040,14,jal,Guachinango
576,14039,14041,14,jal,Guadalajara
577,14040,14042,14,jal,Hostotipaquillo
578,14041,14043,14,jal,Huejúcar
579,14042,14044,14,jal,Huejuquilla el Alto
580,14043,14045,14,jal,Huerta--La
581,14044,14046,14,jal,Ixtlahuacán de los Membrillos
582,14045,14047,14,jal,Ixtlahuacán del Río
583,14046,14048,14,jal,Jalostotitlán
584,14047,14049,14,jal,Jamay
585,14048,14050,14,jal,Jesús María
586,14049,14051,14,jal,Jilotlán de los Dolores
587,14050,14052,14,jal,Jocotepec
588,14051,14053,14,jal,Juanacatlán
589,14052,14054,14,jal,Juchitlán
590,14053,14055,14,jal,Lagos de Moreno
591,14054,14056,14,jal,Limón--El
592,14055,14057,14,jal,Magdalena
593,14056,14058,14,jal,Santa María del Oro
594,14057,14059,14,jal,Manzanilla de la Paz--La
595,14058,14060,14,jal,Mascota
596,14059,14061,14,jal,Mazamitla
597,14060,14062,14,jal,Mexticacán
598,14061,14063,14,jal,Mezquitic
599,14062,14064,14,jal,Mixtlán
600,14063,14065,14,jal,Ocotlán
601,14064,14066,14,jal,Ojuelos de Jalisco
602,14065,14067,14,jal,Pihuamo
603,14066,14068,14,jal,Poncitlán
604,14067,14069,14,jal,Puerto Vallarta
605,14068,14070,14,jal,Villa Purificación
606,14069,14071,14,jal,Quitupan
607,14070,14072,14,jal,Salto--El
608,14071,14073,14,jal,San Cristóbal de la Barranca
609,14072,14074,14,jal,San Diego de Alejandría
610,14073,14075,14,jal,San Juan de los Lagos
611,14074,14076,14,jal,San Julián
612,14075,14077,14,jal,San Marcos
613,14076,14078,14,jal,San Martín de Bolaños
614,14077,14079,14,jal,San Martín de Hidalgo
615,14078,14080,14,jal,San Miguel el Alto
616,14079,14038,14,jal,Gómez Farías
617,14080,14081,14,jal,San Sebastián del Oeste
618,14081,14082,14,jal,Santa María de los Ángeles
619,14082,14083,14,jal,Sayula
620,14083,14084,14,jal,Tala
621,14084,14085,14,jal,Talpa de Allende
622,14085,14086,14,jal,Tamazula de Gordiano
623,14086,14087,14,jal,Tapalpa
624,14087,14088,14,jal,Tecalitlán
625,14088,14089,14,jal,Tecolotlán
626,14089,14090,14,jal,Techaluta de Montenegro
627,14090,14091,14,jal,Tenamaxtlán
628,14091,14092,14,jal,Teocaltiche
629,14092,14093,14,jal,Teocuitatlán de Corona
630,14093,14094,14,jal,Tepatitlán de Morelos
631,14094,14095,14,jal,Tequila
632,14095,14096,14,jal,Teuchitlán
633,14096,14097,14,jal,Tizapán el Alto
634,14097,14098,14,jal,Tlajomulco de Zúñiga
635,14098,14099,14,jal,Tlaquepaque
636,14099,14100,14,jal,Tolimán
637,14100,14101,14,jal,Tomatlán
638,14101,14102,14,jal,Tonalá
639,14102,14103,14,jal,Tonaya
640,14103,14104,14,jal,Tonila
641,14104,14105,14,jal,Totatiche
642,14105,14106,14,jal,Tototlán
643,14106,14107,14,jal,Tuxcacuesco
644,14107,14108,14,jal,Tuxcueca
645,14108,14109,14,jal,Tuxpan
646,14109,14110,14,jal,Unión de San Antonio
647,14110,14111,14,jal,Unión de Tula
648,14111,14112,14,jal,Valle de Guadalupe
649,14112,14113,14,jal,Valle de Juárez
650,14113,14024,14,jal,San Gabriel
651,14114,14114,14,jal,Villa Corona
652,14115,14115,14,jal,Villa Guerrero
653,14116,14116,14,jal,Villa Hidalgo
654,14117,14117,14,jal,Cañadas de Obregón
655,14118,14118,14,jal,Yahualica de González Gallo
656,14119,14119,14,jal,Zacoalco de Torres
657,14120,14120,14,jal,Zapopan
658,14121,14121,14,jal,Zapotiltic
659,14122,14122,14,jal,Zapotitlán de Vadillo
660,14123,14123,14,jal,Zapotlán del Rey
661,14124,14124,14,jal,Zapotlanejo
662,14125,14125,14,jal,San Ignacio Cerro Gordo
663,14126,0,14,jal,Capilla de Guadalupe
664,15001,15001,15,mex,Acambay
665,15002,15002,15,mex,Acolman
666,15003,15003,15,mex,Aculco
667,15004,15004,15,mex,Almoloya de Alquisiras
668,15005,15005,15,mex,Almoloya de Juárez
669,15006,15006,15,mex,Almoloya del Río
670,15007,15007,15,mex,Amanalco
671,15008,15008,15,mex,Amatepec
672,15009,15009,15,mex,Amecameca
673,15010,15010,15,mex,Apaxco
674,15011,15011,15,mex,Atenco
675,15012,15012,15,mex,Atizapán
676,15013,15013,15,mex,Atizapán de Zaragoza
677,15014,15014,15,mex,Atlacomulco
678,15015,15015,15,mex,Atlautla
679,15016,15016,15,mex,Axapusco
680,15017,15017,15,mex,Ayapango
681,15018,15018,15,mex,Calimaya
682,15019,15019,15,mex,Capulhuac
683,15020,15020,15,mex,Coacalco de Berriozábal
684,15021,15021,15,mex,Coatepec Harinas
685,15022,15022,15,mex,Cocotitlán
686,15023,15023,15,mex,Coyotepec
687,15024,15024,15,mex,Cuautitlán
688,15025,15026,15,mex,Chalco
689,15026,15027,15,mex,Chapa de Mota
690,15027,15028,15,mex,Chapultepec
691,15028,15029,15,mex,Chiautla
692,15029,15030,15,mex,Chicoloapan
693,15030,15031,15,mex,Chiconcuac
694,15031,15032,15,mex,Chimalhuacán
695,15032,15033,15,mex,Donato Guerra
696,15033,15034,15,mex,Ecatepec de Morelos
697,15034,15035,15,mex,Ecatzingo
698,15035,15036,15,mex,Huehuetoca
699,15036,15037,15,mex,Hueypoxtla
700,15037,15038,15,mex,Huixquilucan
701,15038,15039,15,mex,Isidro Fabela
702,15039,15040,15,mex,Ixtapaluca
703,15040,15041,15,mex,Ixtapan de la Sal
704,15041,15042,15,mex,Ixtapan del Oro
705,15042,15043,15,mex,Ixtlahuaca
706,15043,15044,15,mex,Xalatlaco
707,15044,15045,15,mex,Jaltenco
708,15045,15046,15,mex,Jilotepec
709,15046,15047,15,mex,Jilotzingo
710,15047,15048,15,mex,Jiquipilco
711,15048,15049,15,mex,Jocotitlán
712,15049,15050,15,mex,Joquicingo
713,15050,15051,15,mex,Juchitepec
714,15051,15052,15,mex,Lerma
715,15052,15053,15,mex,Malinalco
716,15053,15054,15,mex,Melchor Ocampo
717,15054,15055,15,mex,Metepec
718,15055,15056,15,mex,Mexicaltzingo
719,15056,15057,15,mex,Morelos
720,15057,15058,15,mex,Naucalpan de Juárez
721,15058,15060,15,mex,Nezahualcóyotl
722,15059,15059,15,mex,Nextlalpan
723,15060,15061,15,mex,Nicolás Romero
724,15061,15062,15,mex,Nopaltepec
725,15062,15063,15,mex,Ocoyoacac
726,15063,15064,15,mex,Ocuilan
727,15064,15065,15,mex,Oro--El
728,15065,15066,15,mex,Otumba
729,15066,15067,15,mex,Otzoloapan
730,15067,15068,15,mex,Otzolotepec
731,15068,15069,15,mex,Ozumba
732,15069,15070,15,mex,Papalotla
733,15070,15071,15,mex,Paz--La
734,15071,15072,15,mex,Polotitlán
735,15072,15073,15,mex,Rayón
736,15073,15074,15,mex,San Antonio la Isla
737,15074,15075,15,mex,San Felipe del Progreso
738,15075,15076,15,mex,San Martín de las Pirámides
739,15076,15077,15,mex,San Mateo Atenco
740,15077,15078,15,mex,San Simón de Guerrero
741,15078,15079,15,mex,Santo Tomás
742,15079,15080,15,mex,Soyaniquilpan de Juárez
743,15080,15081,15,mex,Sultepec
744,15081,15082,15,mex,Tecámac
745,15082,15083,15,mex,Tejupilco
746,15083,15084,15,mex,Temamatla
747,15084,15085,15,mex,Temascalapa
748,15085,15086,15,mex,Temascalcingo
749,15086,15087,15,mex,Temascaltepec
750,15087,15088,15,mex,Temoaya
751,15088,15089,15,mex,Tenancingo
752,15089,15090,15,mex,Tenango del Aire
753,15090,15091,15,mex,Tenango del Valle
754,15091,15092,15,mex,Teoloyucán
755,15092,15093,15,mex,Teotihuacán
756,15093,15094,15,mex,Tepetlaoxtoc
757,15094,15095,15,mex,Tepetlixpa
758,15095,15096,15,mex,Tepotzotlán
759,15096,15097,15,mex,Tequixquiac
760,15097,15098,15,mex,Texcaltitlán
761,15098,15099,15,mex,Texcalyacac
762,15099,15100,15,mex,Texcoco
763,15100,15101,15,mex,Tezoyuca
764,15101,15102,15,mex,Tianguistenco
765,15102,15103,15,mex,Timilpan
766,15103,15104,15,mex,Tlalmanalco
767,15104,15105,15,mex,Tlalnepantla de Baz
768,15105,15106,15,mex,Tlatlaya
769,15106,15107,15,mex,Toluca
770,15107,15108,15,mex,Tonatico
771,15108,15109,15,mex,Tultepec
772,15109,15110,15,mex,Tultitlán
773,15110,15111,15,mex,Valle de Bravo
774,15111,15112,15,mex,Villa de Allende
775,15112,15113,15,mex,Villa del Carbón
776,15113,15114,15,mex,Villa Guerrero
777,15114,15115,15,mex,Villa Victoria
778,15115,15116,15,mex,Xonacatlán
779,15116,15117,15,mex,Zacazonapan
780,15117,15118,15,mex,Zacualpan
781,15118,15119,15,mex,Zinacantepec
782,15119,15120,15,mex,Zumpahuacán
783,15120,15121,15,mex,Zumpango
784,15121,15025,15,mex,Cuautitlán Izcalli
785,15122,15122,15,mex,Valle de Chalco Solidaridad
786,15123,15123,15,mex,Luvianos
787,15124,15124,15,mex,San José Del Rincon
788,15125,15125,15,mex,Tonanitla
789,16001,16001,16,mic,Acuitzio
790,16002,16002,16,mic,Aguililla
791,16003,16003,16,mic,Álvaro Obregón
792,16004,16004,16,mic,Angamacutiro
793,16005,16005,16,mic,Angangueo
794,16006,16006,16,mic,Apatzingán
795,16007,16007,16,mic,Aporo
796,16008,16008,16,mic,Aquila
797,16009,16009,16,mic,Ario
798,16010,16010,16,mic,Arteaga
799,16011,16011,16,mic,Briseñas
800,16012,16012,16,mic,Buenavista
801,16013,16013,16,mic,Carácuaro
802,16014,16014,16,mic,Coahuayana
803,16015,16015,16,mic,Coalcomán de Vázquez Pallares
804,16016,16016,16,mic,Coeneo
805,16017,16017,16,mic,Contepec
806,16018,16018,16,mic,Copándaro
807,16019,16019,16,mic,Cotija
808,16020,16020,16,mic,Cuitzeo
809,16021,16021,16,mic,Charapan
810,16022,16022,16,mic,Charo
811,16023,16023,16,mic,Chavinda
812,16024,16024,16,mic,Cherán
813,16025,16025,16,mic,Chilchota
814,16026,16026,16,mic,Chinicuila
815,16027,16027,16,mic,Chucándiro
816,16028,16028,16,mic,Churintzio
817,16029,16029,16,mic,Churumuco
818,16030,16030,16,mic,Ecuandureo
819,16031,16031,16,mic,Epitacio Huerta
820,16032,16032,16,mic,Erongarícuaro
821,16033,16033,16,mic,Gabriel Zamora
822,16034,16034,16,mic,Hidalgo
823,16035,16035,16,mic,Huacana--La
824,16036,16036,16,mic,Huandacareo
825,16037,16037,16,mic,Huaniqueo
826,16038,16038,16,mic,Huetamo
827,16039,16039,16,mic,Huiramba
828,16040,16040,16,mic,Indaparapeo
829,16041,16041,16,mic,Irimbo
830,16042,16042,16,mic,Ixtlán
831,16043,16043,16,mic,Jacona
832,16044,16044,16,mic,Jiménez
833,16045,16045,16,mic,Jiquilpan
834,16046,16047,16,mic,Juárez
835,16047,16048,16,mic,Jungapeo
836,16048,16049,16,mic,Lagunillas
837,16049,16051,16,mic,Madero
838,16050,16052,16,mic,Maravatío
839,16051,16053,16,mic,Marcos Castellanos
840,16052,16050,16,mic,Lázaro Cárdenas
841,16053,16054,16,mic,Morelia
842,16054,16055,16,mic,Morelos
843,16055,16056,16,mic,Múgica
844,16056,16057,16,mic,Nahuatzen
845,16057,16058,16,mic,Nocupétaro
846,16058,16059,16,mic,Nuevo Parangaricutiro
847,16059,16060,16,mic,Nuevo Urecho
848,16060,16061,16,mic,Numarán
849,16061,16062,16,mic,Ocampo
850,16062,16063,16,mic,Pajacuarán
851,16063,16064,16,mic,Panindícuaro
852,16064,16065,16,mic,Parácuaro
853,16065,16066,16,mic,Paracho
854,16066,16067,16,mic,Pátzcuaro
855,16067,16068,16,mic,Penjamillo
856,16068,16069,16,mic,Peribán
857,16069,16070,16,mic,Piedad--La
858,16070,16071,16,mic,Purépero
859,16071,16072,16,mic,Puruándiro
860,16072,16073,16,mic,Queréndaro
861,16073,16074,16,mic,Quiroga
862,16074,16075,16,mic,Cojumatlán de Régules
863,16075,16076,16,mic,Reyes--Los
864,16076,16077,16,mic,Sahuayo
865,16077,16078,16,mic,San Lucas
866,16078,16079,16,mic,Santa Ana Maya
867,16079,16080,16,mic,Salvador Escalante
868,16080,16081,16,mic,Senguio
869,16081,16082,16,mic,Susupuato
870,16082,16083,16,mic,Tacámbaro
871,16083,16084,16,mic,Tancítaro
872,16084,16085,16,mic,Tangamandapio
873,16085,16086,16,mic,Tangancícuaro
874,16086,16087,16,mic,Tanhuato
875,16087,16088,16,mic,Taretan
876,16088,16089,16,mic,Tarímbaro
877,16089,16090,16,mic,Tepalcatepec
878,16090,16091,16,mic,Tingambato
879,16091,16092,16,mic,Tingüindín
880,16092,16093,16,mic,Tiquicheo de Nicolás Romero
881,16093,16094,16,mic,Tlalpujahua
882,16094,16095,16,mic,Tlazazalca
883,16095,16096,16,mic,Tocumbo
884,16096,16097,16,mic,Tumbiscatío
885,16097,16098,16,mic,Turicato
886,16098,16099,16,mic,Tuxpan
887,16099,16100,16,mic,Tuzantla
888,16100,16101,16,mic,Tzintzuntzan
889,16101,16102,16,mic,Tzitzio
890,16102,16103,16,mic,Uruapan
891,16103,16104,16,mic,Venustiano Carranza
892,16104,16105,16,mic,Villamar
893,16105,16106,16,mic,Vista Hermosa
894,16106,16107,16,mic,Yurécuaro
895,16107,16108,16,mic,Zacapu
896,16108,16109,16,mic,Zamora
897,16109,16110,16,mic,Zináparo
898,16110,16111,16,mic,Zinapécuaro
899,16111,16112,16,mic,Ziracuaretiro
900,16112,16113,16,mic,Zitácuaro
901,16113,16046,16,mic,José Sixto Verduzco
902,17001,17001,17,mor,Amacuzac
903,17002,17002,17,mor,Atlatlahucan
904,17003,17003,17,mor,Axochiapan
905,17004,17004,17,mor,Ayala
906,17005,17005,17,mor,Coatlán del Río
907,17006,17006,17,mor,Cuautla
908,17007,17007,17,mor,Cuernavaca
909,17008,17008,17,mor,Emiliano Zapata
910,17009,17009,17,mor,Huitzilac
911,17010,17010,17,mor,Jantetelco
912,17011,17011,17,mor,Jiutepec
913,17012,17012,17,mor,Jojutla
914,17013,17013,17,mor,Jonacatepec
915,17014,17014,17,mor,Mazatepec
916,17015,17015,17,mor,Miacatlán
917,17016,17016,17,mor,Ocuituco
918,17017,17017,17,mor,Puente de Ixtla
919,17018,17018,17,mor,Temixco
920,17019,17019,17,mor,Tepalcingo
921,17020,17020,17,mor,Tepoztlán
922,17021,17021,17,mor,Tetecala
923,17022,17022,17,mor,Tetela del Volcán
924,17023,17023,17,mor,Tlalnepantla
925,17024,17024,17,mor,Tlaltizapán
926,17025,17025,17,mor,Tlaquiltenango
927,17026,17026,17,mor,Tlayacapan
928,17027,17027,17,mor,Totolapan
929,17028,17028,17,mor,Xochitepec
930,17029,17029,17,mor,Yautepec
931,17030,17030,17,mor,Yecapixtla
932,17031,17031,17,mor,Zacatepec de Hidalgo
933,17032,17032,17,mor,Zacualpan de Amilpas
934,17033,17033,17,mor,Temoac
935,18001,18001,18,nay,Acaponeta
936,18002,18002,18,nay,Ahuacatlán
937,18003,18003,18,nay,Amatlán de Cañas
938,18004,18005,18,nay,Compostela
939,18005,18006,18,nay,Huajicori
940,18006,18007,18,nay,Ixtlán del Río
941,18007,18008,18,nay,Jala
942,18008,18019,18,nay,Xalisco
943,18009,18009,18,nay,Nayar--El
944,18010,18010,18,nay,Rosamorada
945,18011,18011,18,nay,Ruiz
946,18012,18012,18,nay,San Blas
947,18013,18013,18,nay,San Pedro Lagunillas
948,18014,18014,18,nay,Santa María del Oro
949,18015,18015,18,nay,Santiago Ixcuintla
950,18016,18016,18,nay,Tecuala
951,18017,18017,18,nay,Tepic
952,18018,18018,18,nay,Tuxpan
953,18019,18020,18,nay,Yesca--La
954,18020,18004,18,nay,Bahía de Banderas
955,19001,19001,19,nl,Abasolo
956,19002,19002,19,nl,Agualeguas
957,19003,19003,19,nl,Aldamas--Los
958,19004,19004,19,nl,Allende
959,19005,19005,19,nl,Anáhuac
960,19006,19006,19,nl,Apodaca
961,19007,19007,19,nl,Aramberri
962,19008,19008,19,nl,Bustamante
963,19009,19009,19,nl,Cadereyta Jiménez
964,19010,19010,19,nl,Carmen
965,19011,19011,19,nl,Cerralvo
966,19012,19012,19,nl,Ciénega de Flores
967,19013,19013,19,nl,China
968,19014,19014,19,nl,Doctor Arroyo
969,19015,19015,19,nl,Doctor Coss
970,19016,19016,19,nl,Doctor González
971,19017,19017,19,nl,Galeana
972,19018,19018,19,nl,García
973,19019,19019,19,nl,San Pedro Garza García
974,19020,19020,19,nl,General Bravo
975,19021,19021,19,nl,General Escobedo
976,19022,19022,19,nl,General Terán
977,19023,19023,19,nl,General Treviño
978,19024,19024,19,nl,General Zaragoza
979,19025,19025,19,nl,General Zuazua
980,19026,19026,19,nl,Guadalupe
981,19027,19027,19,nl,Herreras--Los
982,19028,19029,19,nl,Higueras
983,19029,19030,19,nl,Hualahuises
984,19030,19031,19,nl,Iturbide
985,19031,19032,19,nl,Juárez
986,19032,19033,19,nl,Lampazos de Naranjo
987,19033,19034,19,nl,Linares
988,19034,19035,19,nl,Marín
989,19035,19036,19,nl,Melchor Ocampo
990,19036,19037,19,nl,Mier y Noriega
991,19037,19038,19,nl,Mina
992,19038,19039,19,nl,Montemorelos
993,19039,19040,19,nl,Monterrey
994,19040,19041,19,nl,Parás
995,19041,19042,19,nl,Pesquería
996,19042,19043,19,nl,Ramones--Los
997,19043,19044,19,nl,Rayones
998,19044,19045,19,nl,Sabinas Hidalgo
999,19045,19046,19,nl,Salinas Victoria
1000,19046,19047,19,nl,San Nicolás de los Garza
1001,19047,19028,19,nl,Hidalgo
1002,19048,19048,19,nl,Santa Catarina
1003,19049,19049,19,nl,Santiago
1004,19050,19050,19,nl,Vallecillo
1005,19051,19051,19,nl,Villaldama
1006,20001,20001,20,oax,Abejones
1007,20002,20002,20,oax,Acatlán de Pérez Figueroa
1008,20003,20004,20,oax,Asunción Cacalotepec
1009,20004,20005,20,oax,Asunción Cuyotepeji
1010,20005,20006,20,oax,Asunción Ixtaltepec
1011,20006,20007,20,oax,Asunción Nochixtlán
1012,20007,20008,20,oax,Asunción Ocotlán
1013,20008,20009,20,oax,Asunción Tlacolulita
1014,20009,20011,20,oax,Ayotzintepec
1015,20010,20012,20,oax,Barrio de la Soledad--El
1016,20011,20013,20,oax,Calihualá
1017,20012,20014,20,oax,Candelaria Loxicha
1018,20013,20017,20,oax,Ciénega de Zimatlán
1019,20014,20041,20,oax,Ciudad Ixtepec
1020,20015,20018,20,oax,Coatecas Altas
1021,20016,20019,20,oax,Coicoyán de las Flores
1022,20017,20020,20,oax,Compañía--La
1023,20018,20021,20,oax,Concepción Buenavista
1024,20019,20022,20,oax,Concepción Pápalo
1025,20020,20023,20,oax,Constancia del Rosario
1026,20021,20024,20,oax,Cosolapa
1027,20022,20025,20,oax,Cosoltepec
1028,20023,20026,20,oax,Cuilápam de Guerrero
1029,20024,20027,20,oax,Cuyamecalco Villa de Zaragoza
1030,20025,20015,20,oax,Chahuites
1031,20026,20016,20,oax,Chalcatongo de Hidalgo
1032,20027,20187,20,oax,Chiquihuitlán de Benito Juárez
1033,20028,20028,20,oax,Heroica Ciudad de Ejutla de Crespo
1034,20029,20029,20,oax,Eloxochitlán de Flores Magón
1035,20030,20030,20,oax,Espinal--El
1036,20031,20540,20,oax,Tamazulapam del Espíritu Santo
1037,20032,20031,20,oax,Fresnillo de Trujano
1038,20033,20033,20,oax,Guadalupe Etla
1039,20034,20032,20,oax,Guadalupe de Ramírez
1040,20035,20034,20,oax,Guelatao de Juárez
1041,20036,20035,20,oax,Guevea de Humboldt
1042,20037,20036,20,oax,Mesones Hidalgo
1043,20038,20562,20,oax,Villa Hidalgo
1044,20039,20037,20,oax,Heroica Ciudad de Huajuapan de León
1045,20040,20038,20,oax,Huautepec
1046,20041,20039,20,oax,Huautla de Jiménez
1047,20042,20042,20,oax,Ixtlán de Juárez
1048,20043,20043,20,oax,Juchitán de Zaragoza
1049,20044,20044,20,oax,Loma Bonita
1050,20045,20045,20,oax,Magdalena Apasco
1051,20046,20046,20,oax,Magdalena Jaltepec
1052,20047,20396,20,oax,Santa Magdalena Jicotlán
1053,20048,20047,20,oax,Magdalena Mixtepec
1054,20049,20048,20,oax,Magdalena Ocotlán
1055,20050,20049,20,oax,Magdalena Peñasco
1056,20051,20050,20,oax,Magdalena Teitipac
1057,20052,20051,20,oax,Magdalena Tequisistlán
1058,20053,20052,20,oax,Magdalena Tlacotepec
1059,20054,20054,20,oax,Magdalena Zahuatlán
1060,20055,20055,20,oax,Mariscala de Juárez
1061,20056,20056,20,oax,Mártires de Tacubaya
1062,20057,20057,20,oax,Matías Romero
1063,20058,20058,20,oax,Mazatlán Villa de Flores
1064,20059,20059,20,oax,Miahuatlán de Porfirio Díaz
1065,20060,20060,20,oax,Mixistlán de la Reforma
1066,20061,20061,20,oax,Monjas
1067,20062,20062,20,oax,Natividad
1068,20063,20063,20,oax,Nazareno Etla
1069,20064,20064,20,oax,Nejapa de Madero
1070,20065,20040,20,oax,Ixpantepec Nieves
1071,20066,20481,20,oax,Santiago Niltepec
1072,20067,20066,20,oax,Oaxaca de Juárez
1073,20068,20067,20,oax,Ocotlán de Morelos
1074,20069,20068,20,oax,Pe--La
1075,20070,20069,20,oax,Pinotepa de Don Luis
1076,20071,20070,20,oax,Pluma Hidalgo
1077,20072,20169,20,oax,San José del Progreso
1078,20073,20071,20,oax,Putla Villa de Guerrero
1079,20074,20370,20,oax,Santa Catarina Quioquitani
1080,20075,20072,20,oax,Reforma de Pineda
1081,20076,20073,20,oax,Reforma--La
1082,20077,20074,20,oax,Reyes Etla
1083,20078,20075,20,oax,Rojas de Cuauhtémoc
1084,20079,20076,20,oax,Salina Cruz
1085,20080,20077,20,oax,San Agustín Amatengo
1086,20081,20078,20,oax,San Agustín Atenango
1087,20082,20079,20,oax,San Agustín Chayuco
1088,20083,20080,20,oax,San Agustín de las Juntas
1089,20084,20081,20,oax,San Agustín Etla
1090,20085,20082,20,oax,San Agustín Loxicha
1091,20086,20083,20,oax,San Agustín Tlacotepec
1092,20087,20084,20,oax,San Agustín Yatareni
1093,20088,20085,20,oax,San Andrés Cabecera Nueva
1094,20089,20086,20,oax,San Andrés Dinicuiti
1095,20090,20087,20,oax,San Andrés Huaxpaltepec
1096,20091,20088,20,oax,San Andrés Huayápam
1097,20092,20089,20,oax,San Andrés Ixtlahuaca
1098,20093,20090,20,oax,San Andrés Lagunas
1099,20094,20091,20,oax,San Andrés Nuxiño
1100,20095,20092,20,oax,San Andrés Paxtlán
1101,20096,20093,20,oax,San Andrés Sinaxtla
1102,20097,20094,20,oax,San Andrés Solaga
1103,20098,20095,20,oax,San Andrés Teotilalpam
1104,20099,20096,20,oax,San Andrés Tepetlapa
1105,20100,20097,20,oax,San Andrés Yaá
1106,20101,20098,20,oax,San Andrés Zabache
1107,20102,20099,20,oax,San Andrés Zautla
1108,20103,20100,20,oax,San Antonino Castillo Velasco
1109,20104,20101,20,oax,San Antonino el Alto
1110,20105,20102,20,oax,San Antonino Monte Verde
1111,20106,20103,20,oax,San Antonio Acutla
1112,20107,20104,20,oax,San Antonio de la Cal
1113,20108,20105,20,oax,San Antonio Huitepec
1114,20109,20106,20,oax,San Antonio Nanahuatípam
1115,20110,20107,20,oax,San Antonio Sinicahua
1116,20111,20108,20,oax,San Antonio Tepetlapa
1117,20112,20109,20,oax,San Baltazar Chichicápam
1118,20113,20110,20,oax,San Baltazar Loxicha
1119,20114,20111,20,oax,San Baltazar Yatzachi el Bajo
1120,20115,20112,20,oax,San Bartolo Coyotepec
1121,20116,20115,20,oax,San Bartolomé Ayautla
1122,20117,20116,20,oax,San Bartolomé Loxicha
1123,20118,20117,20,oax,San Bartolomé Quialana
1124,20119,20118,20,oax,San Bartolomé Yucuañe
1125,20120,20119,20,oax,San Bartolomé Zoogocho
1126,20121,20113,20,oax,San Bartolo Soyaltepec
1127,20122,20114,20,oax,San Bartolo Yautepec
1128,20123,20120,20,oax,San Bernardo Mixtepec
1129,20124,20121,20,oax,San Blas Atempa
1130,20125,20122,20,oax,San Carlos Yautepec
1131,20126,20123,20,oax,San Cristóbal Amatlán
1132,20127,20124,20,oax,San Cristóbal Amoltepec
1133,20128,20125,20,oax,San Cristóbal Lachirioag
1134,20129,20126,20,oax,San Cristóbal Suchixtlahuaca
1135,20130,20127,20,oax,San Dionisio del Mar
1136,20131,20128,20,oax,San Dionisio Ocotepec
1137,20132,20129,20,oax,San Dionisio Ocotlán
1138,20133,20130,20,oax,San Esteban Atatlahuca
1139,20134,20131,20,oax,San Felipe Jalapa de Díaz
1140,20135,20132,20,oax,San Felipe Tejalápam
1141,20136,20133,20,oax,San Felipe Usila
1142,20137,20134,20,oax,San Francisco Cahuacuá
1143,20138,20135,20,oax,San Francisco Cajonos
1144,20139,20136,20,oax,San Francisco Chapulapa
1145,20140,20137,20,oax,San Francisco Chindúa
1146,20141,20138,20,oax,San Francisco del Mar
1147,20142,20139,20,oax,San Francisco Huehuetlán
1148,20143,20140,20,oax,San Francisco Ixhuatán
1149,20144,20141,20,oax,San Francisco Jaltepetongo
1150,20145,20142,20,oax,San Francisco Lachigoló
1151,20146,20143,20,oax,San Francisco Logueche
1152,20147,20144,20,oax,San Francisco Nuxaño
1153,20148,20145,20,oax,San Francisco Ozolotepec
1154,20149,20146,20,oax,San Francisco Sola
1155,20150,20147,20,oax,San Francisco Telixtlahuaca
1156,20151,20148,20,oax,San Francisco Teopan
1157,20152,20149,20,oax,San Francisco Tlapancingo
1158,20153,20150,20,oax,San Gabriel Mixtepec
1159,20154,20151,20,oax,San Ildefonso Amatlán
1160,20155,20152,20,oax,San Ildefonso Sola
1161,20156,20153,20,oax,San Ildefonso Villa Alta
1162,20157,20154,20,oax,San Jacinto Amilpas
1163,20158,20155,20,oax,San Jacinto Tlacotepec
1164,20159,20156,20,oax,San Jerónimo Coatlán
1165,20160,20157,20,oax,San Jerónimo Silacayoapilla
1166,20161,20158,20,oax,San Jerónimo Sosola
1167,20162,20159,20,oax,San Jerónimo Taviche
1168,20163,20160,20,oax,San Jerónimo Tecoátl
1169,20164,20162,20,oax,San Jorge Nuchita
1170,20165,20163,20,oax,San José Ayuquila
1171,20166,20164,20,oax,San José Chiltepec
1172,20167,20165,20,oax,San José del Peñasco
1173,20168,20166,20,oax,San José Estancia Grande
1174,20169,20167,20,oax,San José Independencia
1175,20170,20168,20,oax,San José Lachiguiri
1176,20171,20170,20,oax,San José Tenango
1177,20172,20171,20,oax,San Juan Achiutla
1178,20173,20172,20,oax,San Juan Atepec
1179,20174,20003,20,oax,Ánimas Trujano
1180,20175,20173,20,oax,San Juan Bautista Atatlahuca
1181,20176,20174,20,oax,San Juan Bautista Coixtlahuaca
1182,20177,20175,20,oax,San Juan Bautista Cuicatlán
1183,20178,20176,20,oax,San Juan Bautista Guelache
1184,20179,20177,20,oax,San Juan Bautista Jayacatlán
1185,20180,20178,20,oax,San Juan Bautista lo de Soto
1186,20181,20179,20,oax,San Juan Bautista Suchitepec
1187,20182,20181,20,oax,San Juan Bautista Tlacoatzintepec
1188,20183,20180,20,oax,San Juan Bautista Tlachichilco
1189,20184,20182,20,oax,San Juan Bautista Tuxtepec
1190,20185,20184,20,oax,San Juan Cacahuatepec
1191,20186,20188,20,oax,San Juan Cieneguilla
1192,20187,20189,20,oax,San Juan Coatzóspam
1193,20188,20190,20,oax,San Juan Colorado
1194,20189,20191,20,oax,San Juan Comaltepec
1195,20190,20192,20,oax,San Juan Cotzocón
1196,20191,20185,20,oax,San Juan Chicomezúchil
1197,20192,20186,20,oax,San Juan Chilateca
1198,20193,20194,20,oax,San Juan del Estado
1199,20194,20195,20,oax,San Juan del Río
1200,20195,20196,20,oax,San Juan Diuxi
1201,20196,20197,20,oax,San Juan Evangelista Analco
1202,20197,20198,20,oax,San Juan Guelavía
1203,20198,20199,20,oax,San Juan Guichicovi
1204,20199,20200,20,oax,San Juan Ihualtepec
1205,20200,20201,20,oax,San Juan Juquila Mixes
1206,20201,20202,20,oax,San Juan Juquila Vijanos
1207,20202,20203,20,oax,San Juan Lachao
1208,20203,20204,20,oax,San Juan Lachigalla
1209,20204,20205,20,oax,San Juan Lajarcia
1210,20205,20206,20,oax,San Juan Lalana
1211,20206,20193,20,oax,San Juan de los Cués
1212,20207,20207,20,oax,San Juan Mazatlán
1213,20208,20208,20,oax,San Juan Mixtepec – Dis. 08 -
1214,20209,20209,20,oax,San Juan Mixtepec – Dis. 26 -
1215,20210,20210,20,oax,San Juan Ñumí
1216,20211,20211,20,oax,San Juan Ozolotepec
1217,20212,20212,20,oax,San Juan Petlapa
1218,20213,20213,20,oax,San Juan Quiahije
1219,20214,20214,20,oax,San Juan Quiotepec
1220,20215,20215,20,oax,San Juan Sayultepec
1221,20216,20216,20,oax,San Juan Tabaá
1222,20217,20217,20,oax,San Juan Tamazola
1223,20218,20218,20,oax,San Juan Teita
1224,20219,20219,20,oax,San Juan Teitipac
1225,20220,20220,20,oax,San Juan Tepeuxila
1226,20221,20221,20,oax,San Juan Teposcolula
1227,20222,20222,20,oax,San Juan Yaeé
1228,20223,20223,20,oax,San Juan Yatzona
1229,20224,20224,20,oax,San Juan Yucuita
1230,20225,20225,20,oax,San Lorenzo
1231,20226,20226,20,oax,San Lorenzo Albarradas
1232,20227,20227,20,oax,San Lorenzo Cacaotepec
1233,20228,20228,20,oax,San Lorenzo Cuaunecuiltitla
1234,20229,20229,20,oax,San Lorenzo Texmelucan
1235,20230,20230,20,oax,San Lorenzo Victoria
1236,20231,20231,20,oax,San Lucas Camotlán
1237,20232,20232,20,oax,San Lucas Ojitlán
1238,20233,20233,20,oax,San Lucas Quiaviní
1239,20234,20234,20,oax,San Lucas Zoquiápam
1240,20235,20235,20,oax,San Luis Amatlán
1241,20236,20236,20,oax,San Marcial Ozolotepec
1242,20237,20237,20,oax,San Marcos Arteaga
1243,20238,20238,20,oax,San Martín de los Cansecos
1244,20239,20239,20,oax,San Martín Huamelúlpam
1245,20240,20240,20,oax,San Martín Itunyoso
1246,20241,20241,20,oax,San Martín Lachilá
1247,20242,20242,20,oax,San Martín Peras
1248,20243,20243,20,oax,San Martín Tilcajete
1249,20244,20244,20,oax,San Martín Toxpalan
1250,20245,20245,20,oax,San Martín Zacatepec
1251,20246,20246,20,oax,San Mateo Cajonos
1252,20247,20559,20,oax,Capulálpam de Méndez
1253,20248,20247,20,oax,San Mateo del Mar
1254,20249,20255,20,oax,San Mateo Yoloxochitlán
1255,20250,20248,20,oax,San Mateo Etlatongo
1256,20251,20249,20,oax,San Mateo Nejápam
1257,20252,20250,20,oax,San Mateo Peñasco
1258,20253,20251,20,oax,San Mateo Piñas
1259,20254,20252,20,oax,San Mateo Río Hondo
1260,20255,20253,20,oax,San Mateo Sindihui
1261,20256,20254,20,oax,San Mateo Tlapiltepec
1262,20257,20256,20,oax,San Melchor Betaza
1263,20258,20257,20,oax,San Miguel Achiutla
1264,20259,20258,20,oax,San Miguel Ahuehuetitlán
1265,20260,20259,20,oax,San Miguel Aloápam
1266,20261,20260,20,oax,San Miguel Amatitlán
1267,20262,20261,20,oax,San Miguel Amatlán
1268,20263,20264,20,oax,San Miguel Coatlán
1269,20264,20262,20,oax,San Miguel Chicahua
1270,20265,20263,20,oax,San Miguel Chimalapa
1271,20266,20265,20,oax,San Miguel del Puerto
1272,20267,20266,20,oax,San Miguel del Río
1273,20268,20267,20,oax,San Miguel Ejutla
1274,20269,20268,20,oax,San Miguel el Grande
1275,20270,20269,20,oax,San Miguel Huautla
1276,20271,20270,20,oax,San Miguel Mixtepec
1277,20272,20271,20,oax,San Miguel Panixtlahuaca
1278,20273,20272,20,oax,San Miguel Peras
1279,20274,20273,20,oax,San Miguel Piedras
1280,20275,20274,20,oax,San Miguel Quetzaltepec
1281,20276,20275,20,oax,San Miguel Santa Flor
1282,20277,20536,20,oax,Villa Sola de Vega
1283,20278,20276,20,oax,San Miguel Soyaltepec
1284,20279,20277,20,oax,San Miguel Suchixtepec
1285,20280,20278,20,oax,Villa Talea de Castro
1286,20281,20279,20,oax,San Miguel Tecomatlán
1287,20282,20280,20,oax,San Miguel Tenango
1288,20283,20281,20,oax,San Miguel Tequixtepec
1289,20284,20282,20,oax,San Miguel Tilquiápam
1290,20285,20283,20,oax,San Miguel Tlacamama
1291,20286,20284,20,oax,San Miguel Tlacotepec
1292,20287,20285,20,oax,San Miguel Tulancingo
1293,20288,20286,20,oax,San Miguel Yotao
1294,20289,20287,20,oax,San Nicolás
1295,20290,20288,20,oax,San Nicolás Hidalgo
1296,20291,20289,20,oax,San Pablo Coatlán
1297,20292,20290,20,oax,San Pablo Cuatro Venados
1298,20293,20291,20,oax,San Pablo Etla
1299,20294,20292,20,oax,San Pablo Huitzo
1300,20295,20293,20,oax,San Pablo Huixtepec
1301,20296,20294,20,oax,San Pablo Macuiltianguis
1302,20297,20295,20,oax,San Pablo Tijaltepec
1303,20298,20296,20,oax,San Pablo Villa de Mitla
1304,20299,20297,20,oax,San Pablo Yaganiza
1305,20300,20298,20,oax,San Pedro Amuzgos
1306,20301,20299,20,oax,San Pedro Apóstol
1307,20302,20300,20,oax,San Pedro Atoyac
1308,20303,20301,20,oax,San Pedro Cajonos
1309,20304,20302,20,oax,San Pedro Coxcaltepec Cántaros
1310,20305,20303,20,oax,San Pedro Comitancillo
1311,20306,20304,20,oax,San Pedro el Alto
1312,20307,20305,20,oax,San Pedro Huamelula
1313,20308,20306,20,oax,San Pedro Huilotepec
1314,20309,20307,20,oax,San Pedro Ixcatlán
1315,20310,20308,20,oax,San Pedro Ixtlahuaca
1316,20311,20309,20,oax,San Pedro Jaltepetongo
1317,20312,20310,20,oax,San Pedro Jicayán
1318,20313,20311,20,oax,San Pedro Jocotipac
1319,20314,20312,20,oax,San Pedro Juchatengo
1320,20315,20313,20,oax,San Pedro Mártir
1321,20316,20314,20,oax,San Pedro Mártir Quiechapa
1322,20317,20315,20,oax,San Pedro Mártir Yucuxaco
1323,20318,20316,20,oax,San Pedro Mixtepec – Dis. 22 -
1324,20319,20317,20,oax,San Pedro Mixtepec – Dis. 26 -
1325,20320,20318,20,oax,San Pedro Molinos
1326,20321,20319,20,oax,San Pedro Nopala
1327,20322,20320,20,oax,San Pedro Ocopetatillo
1328,20323,20321,20,oax,San Pedro Ocotepec
1329,20324,20322,20,oax,San Pedro Pochutla
1330,20325,20323,20,oax,San Pedro Quiatoni
1331,20326,20324,20,oax,San Pedro Sochiapam
1332,20327,20325,20,oax,San Pedro Tapanatepec
1333,20328,20326,20,oax,San Pedro Taviche
1334,20329,20327,20,oax,San Pedro Teozacoalco
1335,20330,20328,20,oax,San Pedro Teutila
1336,20331,20329,20,oax,San Pedro Tidaá
1337,20332,20330,20,oax,San Pedro Topiltepec
1338,20333,20331,20,oax,San Pedro Totolapam
1339,20334,20332,20,oax,Villa de Tututepec de Melchor Ocampo
1340,20335,20336,20,oax,San Pedro Yaneri
1341,20336,20337,20,oax,San Pedro Yólox
1342,20337,20333,20,oax,San Pedro y San Pablo Ayutla
1343,20338,20560,20,oax,Villa de Etla
1344,20339,20334,20,oax,San Pedro y San Pablo Teposcolula
1345,20340,20335,20,oax,San Pedro y San Pablo Tequixtepec
1346,20341,20338,20,oax,San Pedro Yucunama
1347,20342,20339,20,oax,San Raymundo Jalpan
1348,20343,20340,20,oax,San Sebastián Abasolo
1349,20344,20341,20,oax,San Sebastián Coatlán
1350,20345,20342,20,oax,San Sebastián Ixcapa
1351,20346,20343,20,oax,San Sebastián Nicananduta
1352,20347,20344,20,oax,San Sebastián Río Hondo
1353,20348,20345,20,oax,San Sebastián Tecomaxtlahuaca
1354,20349,20346,20,oax,San Sebastián Teitipac
1355,20350,20347,20,oax,San Sebastián Tutla
1356,20351,20348,20,oax,San Simón Almolongas
1357,20352,20349,20,oax,San Simón Zahuatlán
1358,20353,20353,20,oax,Santa Ana
1359,20354,20354,20,oax,Santa Ana Ateixtlahuaca
1360,20355,20355,20,oax,Santa Ana Cuauhtémoc
1361,20356,20356,20,oax,Santa Ana del Valle
1362,20357,20357,20,oax,Santa Ana Tavela
1363,20358,20358,20,oax,Santa Ana Tlapacoyan
1364,20359,20359,20,oax,Santa Ana Yareni
1365,20360,20360,20,oax,Santa Ana Zegache
1366,20361,20361,20,oax,Santa Catalina Quierí
1367,20362,20362,20,oax,Santa Catarina Cuixtla
1368,20363,20363,20,oax,Santa Catarina Ixtepeji
1369,20364,20364,20,oax,Santa Catarina Juquila
1370,20365,20365,20,oax,Santa Catarina Lachatao
1371,20366,20366,20,oax,Santa Catarina Loxicha
1372,20367,20367,20,oax,Santa Catarina Mechoacán
1373,20368,20368,20,oax,Santa Catarina Minas
1374,20369,20369,20,oax,Santa Catarina Quiané
1375,20370,20371,20,oax,Santa Catarina Tayata
1376,20371,20372,20,oax,Santa Catarina Ticuá
1377,20372,20373,20,oax,Santa Catarina Yosonotú
1378,20373,20374,20,oax,Santa Catarina Zapoquila
1379,20374,20375,20,oax,Santa Cruz Acatepec
1380,20375,20376,20,oax,Santa Cruz Amilpas
1381,20376,20377,20,oax,Santa Cruz de Bravo
1382,20377,20378,20,oax,Santa Cruz Itundujia
1383,20378,20379,20,oax,Santa Cruz Mixtepec
1384,20379,20380,20,oax,Santa Cruz Nundaco
1385,20380,20381,20,oax,Santa Cruz Papalutla
1386,20381,20382,20,oax,Santa Cruz Tacache de Mina
1387,20382,20383,20,oax,Santa Cruz Tacahua
1388,20383,20384,20,oax,Santa Cruz Tayata
1389,20384,20385,20,oax,Santa Cruz Xitla
1390,20385,20386,20,oax,Santa Cruz Xoxocotlán
1391,20386,20387,20,oax,Santa Cruz Zenzontepec
1392,20387,20388,20,oax,Santa Gertrudis
1393,20388,20389,20,oax,Santa Inés del Monte
1394,20389,20390,20,oax,Santa Inés Yatzeche
1395,20390,20392,20,oax,Santa Lucía del Camino
1396,20391,20393,20,oax,Santa Lucía Miahuatlán
1397,20392,20394,20,oax,Santa Lucía Monteverde
1398,20393,20395,20,oax,Santa Lucía Ocotlán
1399,20394,20397,20,oax,Santa María Alotepec
1400,20395,20398,20,oax,Santa María Apazco
1401,20396,20399,20,oax,Santa María la Asunción
1402,20397,20553,20,oax,Heroica Ciudad de Tlaxiaco
1403,20398,20010,20,oax,Ayoquezco de Aldama
1404,20399,20400,20,oax,Santa María Atzompa
1405,20400,20401,20,oax,Santa María Camotlán
1406,20401,20406,20,oax,Santa María Colotepec
1407,20402,20407,20,oax,Santa María Cortijo
1408,20403,20408,20,oax,Santa María Coyotepec
1409,20404,20402,20,oax,Santa María Chachoápam
1410,20405,20403,20,oax,Villa de Chilapa de Díaz
1411,20406,20404,20,oax,Santa María Chilchotla
1412,20407,20405,20,oax,Santa María Chimalapa
1413,20408,20409,20,oax,Santa María del Rosario
1414,20409,20410,20,oax,Santa María del Tule
1415,20410,20411,20,oax,Santa María Ecatepec
1416,20411,20412,20,oax,Santa María Guelacé
1417,20412,20413,20,oax,Santa María Guienagati
1418,20413,20414,20,oax,Santa María Huatulco
1419,20414,20415,20,oax,Santa María Huazolotitlán
1420,20415,20416,20,oax,Santa María Ipalapa
1421,20416,20417,20,oax,Santa María Ixcatlán
1422,20417,20418,20,oax,Santa María Jacatepec
1423,20418,20419,20,oax,Santa María Jalapa del Marqués
1424,20419,20420,20,oax,Santa María Jaltianguis
1425,20420,20421,20,oax,Santa María Lachixío
1426,20421,20422,20,oax,Santa María Mixtequilla
1427,20422,20423,20,oax,Santa María Nativitas
1428,20423,20424,20,oax,Santa María Nduayaco
1429,20424,20425,20,oax,Santa María Ozolotepec
1430,20425,20426,20,oax,Santa María Pápalo
1431,20426,20428,20,oax,Santa María Peñoles
1432,20427,20427,20,oax,Santa María Petapa
1433,20428,20429,20,oax,Santa María Quiegolani
1434,20429,20430,20,oax,Santa María Sola
1435,20430,20431,20,oax,Santa María Tataltepec
1436,20431,20432,20,oax,Santa María Tecomavaca
1437,20432,20433,20,oax,Santa María Temaxcalapa
1438,20433,20434,20,oax,Santa María Temaxcaltepec
1439,20434,20435,20,oax,Santa María Teopoxco
1440,20435,20436,20,oax,Santa María Tepantlali
1441,20436,20437,20,oax,Santa María Texcatitlán
1442,20437,20438,20,oax,Santa María Tlahuitoltepec
1443,20438,20439,20,oax,Santa María Tlalixtac
1444,20439,20440,20,oax,Santa María Tonameca
1445,20440,20441,20,oax,Santa María Totolapilla
1446,20441,20442,20,oax,Santa María Xadani
1447,20442,20443,20,oax,Santa María Yalina
1448,20443,20444,20,oax,Santa María Yavesía
1449,20444,20445,20,oax,Santa María Yolotepec
1450,20445,20446,20,oax,Santa María Yosoyúa
1451,20446,20447,20,oax,Santa María Yucuhiti
1452,20447,20448,20,oax,Santa María Zacatepec
1453,20448,20449,20,oax,Santa María Zaniza
1454,20449,20450,20,oax,Santa María Zoquitlán
1455,20450,20451,20,oax,Santiago Amoltepec
1456,20451,20452,20,oax,Santiago Apoala
1457,20452,20453,20,oax,Santiago Apóstol
1458,20453,20454,20,oax,Santiago Astata
1459,20454,20455,20,oax,Santiago Atitlán
1460,20455,20456,20,oax,Santiago Ayuquililla
1461,20456,20457,20,oax,Santiago Cacaloxtepec
1462,20457,20458,20,oax,Santiago Camotlán
1463,20458,20461,20,oax,Santiago Comaltepec
1464,20459,20459,20,oax,Santiago Chazumba
1465,20460,20460,20,oax,Santiago Choápam
1466,20461,20462,20,oax,Santiago del Río
1467,20462,20463,20,oax,Santiago Huajolotitlán
1468,20463,20464,20,oax,Santiago Huauclilla
1469,20464,20465,20,oax,Santiago Ihuitlán Plumas
1470,20465,20466,20,oax,Santiago Ixcuintepec
1471,20466,20467,20,oax,Santiago Ixtayutla
1472,20467,20468,20,oax,Santiago Jamiltepec
1473,20468,20469,20,oax,Santiago Jocotepec
1474,20469,20470,20,oax,Santiago Juxtlahuaca
1475,20470,20471,20,oax,Santiago Lachiguiri
1476,20471,20472,20,oax,Santiago Lalopa
1477,20472,20473,20,oax,Santiago Laollaga
1478,20473,20474,20,oax,Santiago Laxopa
1479,20474,20475,20,oax,Santiago Llano Grande
1480,20475,20476,20,oax,Santiago Matatlán
1481,20476,20477,20,oax,Santiago Miltepec
1482,20477,20478,20,oax,Santiago Minas
1483,20478,20479,20,oax,Santiago Nacaltepec
1484,20479,20480,20,oax,Santiago Nejapilla
1485,20480,20482,20,oax,Santiago Nundiche
1486,20481,20483,20,oax,Santiago Nuyoó
1487,20482,20484,20,oax,Santiago Pinotepa Nacional
1488,20483,20485,20,oax,Santiago Suchilquitongo
1489,20484,20486,20,oax,Santiago Tamazola
1490,20485,20487,20,oax,Santiago Tapextla
1491,20486,20543,20,oax,Villa Tejúpam de la Unión
1492,20487,20488,20,oax,Santiago Tenango
1493,20488,20489,20,oax,Santiago Tepetlapa
1494,20489,20490,20,oax,Santiago Tetepec
1495,20490,20491,20,oax,Santiago Texcalcingo
1496,20491,20492,20,oax,Santiago Textitlán
1497,20492,20493,20,oax,Santiago Tilantongo
1498,20493,20494,20,oax,Santiago Tillo
1499,20494,20495,20,oax,Santiago Tlazoyaltepec
1500,20495,20496,20,oax,Santiago Xanica
1501,20496,20497,20,oax,Santiago Xiacuí
1502,20497,20498,20,oax,Santiago Yaitepec
1503,20498,20499,20,oax,Santiago Yaveo
1504,20499,20500,20,oax,Santiago Yolomécatl
1505,20500,20501,20,oax,Santiago Yosondúa
1506,20501,20502,20,oax,Santiago Yucuyachi
1507,20502,20503,20,oax,Santiago Zacatepec
1508,20503,20504,20,oax,Santiago Zoochila
1509,20504,20065,20,oax,Nuevo Zoquiápam
1510,20505,20509,20,oax,Santo Domingo Ingenio
1511,20506,20505,20,oax,Santo Domingo Albarradas
1512,20507,20506,20,oax,Santo Domingo Armenta
1513,20508,20507,20,oax,Santo Domingo Chihuitán
1514,20509,20508,20,oax,Santo Domingo de Morelos
1515,20510,20510,20,oax,Santo Domingo Ixcatlán
1516,20511,20511,20,oax,Santo Domingo Nuxaá
1517,20512,20512,20,oax,Santo Domingo Ozolotepec
1518,20513,20513,20,oax,Santo Domingo Petapa
1519,20514,20514,20,oax,Santo Domingo Roayaga
1520,20515,20515,20,oax,Santo Domingo Tehuantepec
1521,20516,20516,20,oax,Santo Domingo Teojomulco
1522,20517,20517,20,oax,Santo Domingo Tepuxtepec
1523,20518,20518,20,oax,Santo Domingo Tlatayápam
1524,20519,20519,20,oax,Santo Domingo Tomaltepec
1525,20520,20520,20,oax,Santo Domingo Tonalá
1526,20521,20521,20,oax,Santo Domingo Tonaltepec
1527,20522,20522,20,oax,Santo Domingo Xagacía
1528,20523,20523,20,oax,Santo Domingo Yanhuitlán
1529,20524,20524,20,oax,Santo Domingo Yodohino
1530,20525,20525,20,oax,Santo Domingo Zanatepec
1531,20526,20530,20,oax,Santos Reyes Nopala
1532,20527,20531,20,oax,Santos Reyes Pápalo
1533,20528,20532,20,oax,Santos Reyes Tepejillo
1534,20529,20533,20,oax,Santos Reyes Yucuná
1535,20530,20526,20,oax,Santo Tomás Jalieza
1536,20531,20527,20,oax,Santo Tomás Mazaltepec
1537,20532,20528,20,oax,Santo Tomás Ocotepec
1538,20533,20529,20,oax,Santo Tomás Tamazulapan
1539,20534,20350,20,oax,San Vicente Coatlán
1540,20535,20351,20,oax,San Vicente Lachixío
1541,20536,20352,20,oax,San Vicente Nuñú
1542,20537,20534,20,oax,Silacayoápam
1543,20538,20535,20,oax,Sitio de Xitlapehua
1544,20539,20537,20,oax,Soledad Etla
1545,20540,20539,20,oax,Villa de Tamazulápam del Progreso
1546,20541,20541,20,oax,Tanetze de Zaragoza
1547,20542,20538,20,oax,Taniche
1548,20543,20542,20,oax,Tataltepec de Valdés
1549,20544,20544,20,oax,Teococuilco de Marcos Pérez
1550,20545,20545,20,oax,Teotitlán de Flores Magón
1551,20546,20546,20,oax,Teotitlán del Valle
1552,20547,20547,20,oax,Teotongo
1553,20548,20548,20,oax,Tepelmeme Villa de Morelos
1554,20549,20549,20,oax,Tezoatlán de Segura y Luna
1555,20550,20161,20,oax,San Jerónimo Tlacochahuaya
1556,20551,20550,20,oax,Tlacolula de Matamoros
1557,20552,20551,20,oax,Tlacotepec Plumas
1558,20553,20552,20,oax,Tlalixtac de Cabrera
1559,20554,20554,20,oax,Totontepec Villa de Morelos
1560,20555,20555,20,oax,Trinidad Zaachila
1561,20556,20556,20,oax,Trinidad Vista Hermosa--La
1562,20557,20557,20,oax,Unión Hidalgo
1563,20558,20558,20,oax,Valerio Trujano
1564,20559,20183,20,oax,San Juan Bautista Valle Nacional
1565,20560,20561,20,oax,Villa Díaz Ordaz
1566,20561,20563,20,oax,Yaxe
1567,20562,20053,20,oax,Magdalena Yodocono de Porfirio Díaz
1568,20563,20564,20,oax,Yogana
1569,20564,20565,20,oax,Yutanduchi de Guerrero
1570,20565,20566,20,oax,Villa de Zaachila
1571,20566,20567,20,oax,Zapotitlán del Río
1572,20567,20568,20,oax,Zapotitlán Lagunas
1573,20568,20569,20,oax,Zapotitlán Palmas
1574,20569,20391,20,oax,Santa Inés de Zaragoza
1575,20570,20570,20,oax,Zimatlán de Álvarez
1576,21001,21001,21,pue,Acajete
1577,21002,21002,21,pue,Acateno
1578,21003,21003,21,pue,Acatlán
1579,21004,21004,21,pue,Acatzingo
1580,21005,21005,21,pue,Acteopan
1581,21006,21006,21,pue,Ahuacatlán
1582,21007,21007,21,pue,Ahuatlán
1583,21008,21008,21,pue,Ahuazotepec
1584,21009,21009,21,pue,Ahuehuetitla
1585,21010,21010,21,pue,Ajalpan
1586,21011,21011,21,pue,Albino Zertuche
1587,21012,21012,21,pue,Aljojuca
1588,21013,21013,21,pue,Altepexi
1589,21014,21014,21,pue,Amixtlán
1590,21015,21015,21,pue,Amozoc
1591,21016,21016,21,pue,Aquixtla
1592,21017,21017,21,pue,Atempan
1593,21018,21018,21,pue,Atexcal
1594,21019,21019,21,pue,Atlixco
1595,21020,21020,21,pue,Atoyatempan
1596,21021,21021,21,pue,Atzala
1597,21022,21022,21,pue,Atzitzihuacán
1598,21023,21023,21,pue,Atzitzintla
1599,21024,21024,21,pue,Axutla
1600,21025,21025,21,pue,Ayotoxco de Guerrero
1601,21026,21026,21,pue,Calpan
1602,21027,21027,21,pue,Caltepec
1603,21028,21028,21,pue,Camocuautla
1604,21029,21030,21,pue,Caxhuacan
1605,21030,21031,21,pue,Coatepec
1606,21031,21032,21,pue,Coatzingo
1607,21032,21033,21,pue,Cohetzala
1608,21033,21034,21,pue,Cohuecán
1609,21034,21035,21,pue,Coronango
1610,21035,21036,21,pue,Coxcatlán
1611,21036,21037,21,pue,Coyomeapan
1612,21037,21038,21,pue,Coyotepec
1613,21038,21039,21,pue,Cuapiaxtla de Madero
1614,21039,21040,21,pue,Cuautempan
1615,21040,21041,21,pue,Cuautinchán
1616,21041,21042,21,pue,Cuautlancingo
1617,21042,21043,21,pue,Cuayuca de Andrade
1618,21043,21044,21,pue,Cuetzalan del Progreso
1619,21044,21045,21,pue,Cuyoaco
1620,21045,21046,21,pue,Chalchicomula de Sesma
1621,21046,21047,21,pue,Chapulco
1622,21047,21048,21,pue,Chiautla
1623,21048,21049,21,pue,Chiautzingo
1624,21049,21050,21,pue,Chiconcuautla
1625,21050,21051,21,pue,Chichiquila
1626,21051,21052,21,pue,Chietla
1627,21052,21053,21,pue,Chigmecatitlán
1628,21053,21054,21,pue,Chignahuapan
1629,21054,21055,21,pue,Chignautla
1630,21055,21056,21,pue,Chila
1631,21056,21057,21,pue,Chila de la Sal
1632,21057,21058,21,pue,Honey
1633,21058,21059,21,pue,Chilchotla
1634,21059,21060,21,pue,Chinantla
1635,21060,21061,21,pue,Domingo Arenas
1636,21061,21062,21,pue,Eloxochitlán
1637,21062,21063,21,pue,Epatlán
1638,21063,21064,21,pue,Esperanza
1639,21064,21065,21,pue,Francisco Z. Mena
1640,21065,21066,21,pue,General Felipe Ángeles
1641,21066,21067,21,pue,Guadalupe
1642,21067,21068,21,pue,Guadalupe Victoria
1643,21068,21069,21,pue,Hermenegildo Galeana
1644,21069,21070,21,pue,Huaquechula
1645,21070,21071,21,pue,Huatlatlauca
1646,21071,21072,21,pue,Huauchinango
1647,21072,21073,21,pue,Huehuetla
1648,21073,21074,21,pue,Huehuetlán el Chico
1649,21074,21076,21,pue,Huejotzingo
1650,21075,21077,21,pue,Hueyapan
1651,21076,21078,21,pue,Hueytamalco
1652,21077,21079,21,pue,Hueytlalpan
1653,21078,21080,21,pue,Huitzilan de Serdán
1654,21079,21081,21,pue,Huitziltepec
1655,21080,21082,21,pue,Atlequizayan
1656,21081,21083,21,pue,Ixcamilpa de Guerrero
1657,21082,21084,21,pue,Ixcaquixtla
1658,21083,21085,21,pue,Ixtacamaxtitlán
1659,21084,21086,21,pue,Ixtepec
1660,21085,21087,21,pue,Izúcar de Matamoros
1661,21086,21088,21,pue,Jalpan
1662,21087,21089,21,pue,Jolalpan
1663,21088,21090,21,pue,Jonotla
1664,21089,21091,21,pue,Jopala
1665,21090,21092,21,pue,Juan C. Bonilla
1666,21091,21093,21,pue,Juan Galindo
1667,21092,21094,21,pue,Juan N. Méndez
1668,21093,21095,21,pue,Lafragua
1669,21094,21096,21,pue,Libres
1670,21095,21097,21,pue,Magdalena Tlatlauquitepec--La
1671,21096,21098,21,pue,Mazapiltepec de Juárez
1672,21097,21099,21,pue,Mixtla
1673,21098,21100,21,pue,Molcaxac
1674,21099,21029,21,pue,Cañada Morelos
1675,21100,21101,21,pue,Naupan
1676,21101,21102,21,pue,Nauzontla
1677,21102,21103,21,pue,Nealtican
1678,21103,21104,21,pue,Nicolás Bravo
1679,21104,21105,21,pue,Nopalucan
1680,21105,21106,21,pue,Ocotepec
1681,21106,21107,21,pue,Ocoyucan
1682,21107,21108,21,pue,Olintla
1683,21108,21109,21,pue,Oriental
1684,21109,21110,21,pue,Pahuatlán
1685,21110,21111,21,pue,Palmar de Bravo
1686,21111,21112,21,pue,Pantepec
1687,21112,21113,21,pue,Petlalcingo
1688,21113,21114,21,pue,Piaxtla
1689,21114,21115,21,pue,Puebla
1690,21115,21116,21,pue,Quecholac
1691,21116,21117,21,pue,Quimixtlán
1692,21117,21118,21,pue,Rafael Lara Grajales
1693,21118,21119,21,pue,Reyes de Juárez--Los
1694,21119,21120,21,pue,San Andrés Cholula
1695,21120,21121,21,pue,San Antonio Cañada
1696,21121,21122,21,pue,San Diego la Mesa Tochimiltzingo
1697,21122,21123,21,pue,San Felipe Teotlalcingo
1698,21123,21124,21,pue,San Felipe Tepatlán
1699,21124,21125,21,pue,San Gabriel Chilac
1700,21125,21126,21,pue,San Gregorio Atzompa
1701,21126,21127,21,pue,San Jerónimo Tecuanipan
1702,21127,21128,21,pue,San Jerónimo Xayacatlán
1703,21128,21129,21,pue,San José Chiapa
1704,21129,21130,21,pue,San José Miahuatlán
1705,21130,21131,21,pue,San Juan Atenco
1706,21131,21132,21,pue,San Juan Atzompa
1707,21132,21133,21,pue,San Martín Texmelucan
1708,21133,21134,21,pue,San Martín Totoltepec
1709,21134,21135,21,pue,San Matías Tlalancaleca
1710,21135,21136,21,pue,San Miguel Ixitlán
1711,21136,21137,21,pue,San Miguel Xoxtla
1712,21137,21138,21,pue,San Nicolás Buenos Aires
1713,21138,21139,21,pue,San Nicolás de los Ranchos
1714,21139,21140,21,pue,San Pablo Anicano
1715,21140,21141,21,pue,San Pedro Cholula
1716,21141,21142,21,pue,San Pedro Yeloixtlahuaca
1717,21142,21143,21,pue,San Salvador el Seco
1718,21143,21144,21,pue,San Salvador el Verde
1719,21144,21145,21,pue,San Salvador Huixcolotla
1720,21145,21177,21,pue,San Sebastián Tlacotepec
1721,21146,21146,21,pue,Santa Catarina Tlaltempan
1722,21147,21147,21,pue,Santa Inés Ahuatempan
1723,21148,21148,21,pue,Santa Isabel Cholula
1724,21149,21149,21,pue,Santiago Miahuatlán
1725,21150,21075,21,pue,Huehuetlán el Grande
1726,21151,21150,21,pue,Santo Tomás Hueyotlipan
1727,21152,21151,21,pue,Soltepec
1728,21153,21152,21,pue,Tecali de Herrera
1729,21154,21153,21,pue,Tecamachalco
1730,21155,21154,21,pue,Tecomatlán
1731,21156,21155,21,pue,Tehuacán
1732,21157,21156,21,pue,Tehuitzingo
1733,21158,21157,21,pue,Tenampulco
1734,21159,21158,21,pue,Teopantlán
1735,21160,21159,21,pue,Teotlalco
1736,21161,21160,21,pue,Tepanco de López
1737,21162,21161,21,pue,Tepango de Rodríguez
1738,21163,21162,21,pue,Tepatlaxco de Hidalgo
1739,21164,21163,21,pue,Tepeaca
1740,21165,21164,21,pue,Tepemaxalco
1741,21166,21165,21,pue,Tepeojuma
1742,21167,21166,21,pue,Tepetzintla
1743,21168,21167,21,pue,Tepexco
1744,21169,21168,21,pue,Tepexi de Rodríguez
1745,21170,21169,21,pue,Tepeyahualco
1746,21171,21170,21,pue,Tepeyahualco de Cuauhtémoc
1747,21172,21171,21,pue,Tetela de Ocampo
1748,21173,21172,21,pue,Teteles de Avila Castillo
1749,21174,21173,21,pue,Teziutlán
1750,21175,21174,21,pue,Tianguismanalco
1751,21176,21175,21,pue,Tilapa
1752,21177,21176,21,pue,Tlacotepec de Benito Juárez
1753,21178,21178,21,pue,Tlacuilotepec
1754,21179,21179,21,pue,Tlachichuca
1755,21180,21180,21,pue,Tlahuapan
1756,21181,21181,21,pue,Tlaltenango
1757,21182,21182,21,pue,Tlanepantla
1758,21183,21183,21,pue,Tlaola
1759,21184,21184,21,pue,Tlapacoya
1760,21185,21185,21,pue,Tlapanalá
1761,21186,21186,21,pue,Tlatlauquitepec
1762,21187,21187,21,pue,Tlaxco
1763,21188,21188,21,pue,Tochimilco
1764,21189,21189,21,pue,Tochtepec
1765,21190,21190,21,pue,Totoltepec de Guerrero
1766,21191,21191,21,pue,Tulcingo
1767,21192,21192,21,pue,Tuzamapan de Galeana
1768,21193,21193,21,pue,Tzicatlacoyan
1769,21194,21194,21,pue,Venustiano Carranza
1770,21195,21195,21,pue,Vicente Guerrero
1771,21196,21196,21,pue,Xayacatlán de Bravo
1772,21197,21197,21,pue,Xicotepec
1773,21198,21198,21,pue,Xicotlán
1774,21199,21199,21,pue,Xiutetelco
1775,21200,21200,21,pue,Xochiapulco
1776,21201,21201,21,pue,Xochiltepec
1777,21202,21202,21,pue,Xochitlán de Vicente Suárez
1778,21203,21203,21,pue,Xochitlán Todos Santos
1779,21204,21204,21,pue,Yaonáhuac
1780,21205,21205,21,pue,Yehualtepec
1781,21206,21206,21,pue,Zacapala
1782,21207,21207,21,pue,Zacapoaxtla
1783,21208,21208,21,pue,Zacatlán
1784,21209,21209,21,pue,Zapotitlán
1785,21210,21210,21,pue,Zapotitlán de Méndez
1786,21211,21211,21,pue,Zaragoza
1787,21212,21212,21,pue,Zautla
1788,21213,21213,21,pue,Zihuateutla
1789,21214,21214,21,pue,Zinacatepec
1790,21215,21215,21,pue,Zongozotla
1791,21216,21216,21,pue,Zoquiapan
1792,21217,21217,21,pue,Zoquitlán
1793,22001,22001,22,que,Amealco de Bonfil
1794,22002,22013,22,que,Pinal de Amoles
1795,22003,22002,22,que,Arroyo Seco
1796,22004,22003,22,que,Cadereyta de Montes
1797,22005,22004,22,que,Colón
1798,22006,22005,22,que,Corregidora
1799,22007,22006,22,que,Ezequiel Montes
1800,22008,22007,22,que,Huimilpan
1801,22009,22008,22,que,Jalpan de Serra
1802,22010,22009,22,que,Landa de Matamoros
1803,22011,22010,22,que,Marqués--El
1804,22012,22011,22,que,Pedro Escobedo
1805,22013,22012,22,que,Peñamiller
1806,22014,22014,22,que,Querétaro
1807,22015,22015,22,que,San Joaquín
1808,22016,22016,22,que,San Juan del Río
1809,22017,22017,22,que,Tequisquiapan
1810,22018,22018,22,que,Tolimán
1811,23001,23002,23,qui,Cozumel
1812,23002,23003,23,qui,Felipe Carrillo Puerto
1813,23003,23004,23,qui,Isla Mujeres
1814,23004,23007,23,qui,Othón P. Blanco
1815,23005,23001,23,qui,Benito Juárez
1816,23006,23005,23,qui,José María Morelos
1817,23007,23006,23,qui,Lázaro Cárdenas
1818,23008,23008,23,qui,Solidaridad
1819,23009,23009,23,qui,Tulum
1820,23010,23010,23,qui,Bacalar
1821,24001,24001,24,san,Ahualulco
1822,24002,24002,24,san,Alaquines
1823,24003,24003,24,san,Aquismón
1824,24004,24004,24,san,Armadillo de los Infante
1825,24005,24005,24,san,Cárdenas
1826,24006,24006,24,san,Catorce
1827,24007,24007,24,san,Cedral
1828,24008,24008,24,san,Cerritos
1829,24009,24009,24,san,Cerro de San Pedro
1830,24010,24010,24,san,Ciudad del Maíz
1831,24011,24011,24,san,Ciudad Fernández
1832,24012,24012,24,san,Tancanhuitz de Santos
1833,24013,24013,24,san,Ciudad Valles
1834,24014,24014,24,san,Coxcatlán
1835,24015,24015,24,san,Charcas
1836,24016,24016,24,san,Ebano
1837,24017,24017,24,san,Guadalcázar
1838,24018,24018,24,san,Huehuetlán
1839,24019,24019,24,san,Lagunillas
1840,24020,24020,24,san,Matehuala
1841,24021,24021,24,san,Mexquitic de Carmona
1842,24022,24022,24,san,Moctezuma
1843,24023,24023,24,san,Rayón
1844,24024,24024,24,san,Rioverde
1845,24025,24025,24,san,Salinas
1846,24026,24026,24,san,San Antonio
1847,24027,24027,24,san,San Ciro de Acosta
1848,24028,24028,24,san,San Luis Potosí
1849,24029,24029,24,san,San Martín Chalchicuautla
1850,24030,24030,24,san,San Nicolás Tolentino
1851,24031,24032,24,san,Santa Catarina
1852,24032,24033,24,san,Santa María del Río
1853,24033,24034,24,san,Santo Domingo
1854,24034,24031,24,san,San Vicente Tancuayalab
1855,24035,24035,24,san,Soledad de Graciano Sánchez
1856,24036,24036,24,san,Tamasopo
1857,24037,24037,24,san,Tamazunchale
1858,24038,24038,24,san,Tampacán
1859,24039,24039,24,san,Tampamolón Corona
1860,24040,24040,24,san,Tamuín
1861,24041,24041,24,san,Tanlajás
1862,24042,24042,24,san,Tanquián de Escobedo
1863,24043,24043,24,san,Tierra Nueva
1864,24044,24044,24,san,Vanegas
1865,24045,24045,24,san,Venado
1866,24046,24047,24,san,Villa de Arriaga
1867,24047,24048,24,san,Villa de Guadalupe
1868,24048,24049,24,san,Villa de la Paz
1869,24049,24050,24,san,Villa de Ramos
1870,24050,24051,24,san,Villa de Reyes
1871,24051,24052,24,san,Villa Hidalgo
1872,24052,24053,24,san,Villa Juárez
1873,24053,24054,24,san,Axtla de Terrazas
1874,24054,24055,24,san,Xilitla
1875,24055,24056,24,san,Zaragoza
1876,24056,24046,24,san,Villa de Arista
1877,24057,24058,24,san,Matlapa
1878,24058,24057,24,san,Naranjo--El
1879,25001,25001,25,sin,Ahome
1880,25002,25002,25,sin,Angostura
1881,25003,25003,25,sin,Badiraguato
1882,25004,25004,25,sin,Concordia
1883,25005,25005,25,sin,Cosalá
1884,25006,25006,25,sin,Culiacán
1885,25007,25007,25,sin,Choix
1886,25008,25008,25,sin,Elota
1887,25009,25009,25,sin,Escuinapa
1888,25010,25010,25,sin,Fuerte--El
1889,25011,25011,25,sin,Guasave
1890,25012,25012,25,sin,Mazatlán
1891,25013,25013,25,sin,Mocorito
1892,25014,25014,25,sin,Rosario
1893,25015,25015,25,sin,Salvador Alvarado
1894,25016,25016,25,sin,San Ignacio
1895,25017,25017,25,sin,Sinaloa
1896,25018,25018,25,sin,Navolato
1897,26001,26001,26,son,Aconchi
1898,26002,26002,26,son,Agua Prieta
1899,26003,26062,26,son,Álamos
1900,26004,26003,26,son,Altar
1901,26005,26004,26,son,Arivechi
1902,26006,26005,26,son,Arizpe
1903,26007,26006,26,son,Átil
1904,26008,26007,26,son,Bacadéhuachi
1905,26009,26008,26,son,Bacanora
1906,26010,26009,26,son,Bacerac
1907,26011,26010,26,son,Bacoachi
1908,26012,26058,26,son,Bácum
1909,26013,26011,26,son,Banámichi
1910,26014,26012,26,son,Baviácora
1911,26015,26013,26,son,Bavispe
1912,26016,26014,26,son,Benjamín Hill
1913,26017,26046,26,son,Caborca
1914,26018,26059,26,son,Cajeme
1915,26019,26015,26,son,Cananea
1916,26020,26047,26,son,Carbó
1917,26021,26048,26,son,Colorada--La
1918,26022,26016,26,son,Cucurpe
1919,26023,26017,26,son,Cumpas
1920,26024,26018,26,son,Divisaderos
1921,26025,26060,26,son,Empalme
1922,26026,26063,26,son,Etchojoa
1923,26027,26019,26,son,Fronteras
1924,26028,26020,26,son,Granados
1925,26029,26061,26,son,Guaymas
1926,26030,26049,26,son,Hermosillo
1927,26031,26021,26,son,Huachinera
1928,26032,26022,26,son,Huásabas
1929,26033,26064,26,son,Huatabampo
1930,26034,26023,26,son,Huépac
1931,26035,26024,26,son,Ímuris
1932,26036,26025,26,son,Magdalena de Kino
1933,26037,26050,26,son,Mazatán
1934,26038,26026,26,son,Moctezuma
1935,26039,26027,26,son,Naco
1936,26040,26028,26,son,Nácori Chico
1937,26041,26029,26,son,Nacozari de García
1938,26042,26065,26,son,Navojoa
1939,26043,26030,26,son,Nogales
1940,26044,26066,26,son,Ónavas
1941,26045,26051,26,son,Opodepe
1942,26046,26031,26,son,Oquitoa
1943,26047,26052,26,son,Pitiquito
1944,26048,26053,26,son,Puerto Peñasco
1945,26049,26067,26,son,Quiriego
1946,26050,26054,26,son,Rayón
1947,26051,26068,26,son,Rosario
1948,26052,26032,26,son,Sahuaripa
1949,26053,26033,26,son,San Felipe de Jesús
1950,26054,26034,26,son,San Javier
1951,26055,26055,26,son,San Luis Río Colorado
1952,26056,26056,26,son,San Miguel de Horcasitas
1953,26057,26035,26,son,San Pedro de la Cueva
1954,26058,26036,26,son,Santa Ana
1955,26059,26037,26,son,Santa Cruz
1956,26060,26038,26,son,Sáric
1957,26061,26039,26,son,Soyopa
1958,26062,26040,26,son,Suaqui Grande
1959,26063,26041,26,son,Tepache
1960,26064,26042,26,son,Trincheras
1961,26065,26043,26,son,Tubutama
1962,26066,26057,26,son,Ures
1963,26067,26044,26,son,Villa Hidalgo
1964,26068,26045,26,son,Villa Pesqueira
1965,26069,26069,26,son,Yécora
1966,26070,26070,26,son,General Plutarco Elías Calles
1967,26071,26071,26,son,Benito Juárez
1968,26072,26072,26,son,San Ignacio Río Muerto
1969,27001,27001,27,tab,Balancán
1970,27002,27002,27,tab,Cárdenas
1971,27003,27003,27,tab,Centla
1972,27004,27004,27,tab,Centro
1973,27005,27005,27,tab,Comalcalco
1974,27006,27006,27,tab,Cunduacán
1975,27007,27007,27,tab,Emiliano Zapata
1976,27008,27008,27,tab,Huimanguillo
1977,27009,27009,27,tab,Jalapa
1978,27010,27010,27,tab,Jalpa de Méndez
1979,27011,27011,27,tab,Jonuta
1980,27012,27012,27,tab,Macuspana
1981,27013,27013,27,tab,Nacajuca
1982,27014,27014,27,tab,Paraíso
1983,27015,27015,27,tab,Tacotalpa
1984,27016,27016,27,tab,Teapa
1985,27017,27017,27,tab,Tenosique
1986,28001,28001,28,tam,Abasolo
1987,28002,28002,28,tam,Aldama
1988,28003,28003,28,tam,Altamira
1989,28004,28004,28,tam,Antiguo Morelos
1990,28005,28005,28,tam,Burgos
1991,28006,28006,28,tam,Bustamante
1992,28007,28007,28,tam,Camargo
1993,28008,28008,28,tam,Casas
1994,28009,28009,28,tam,Ciudad Madero
1995,28010,28010,28,tam,Cruillas
1996,28011,28011,28,tam,Gómez Farías
1997,28012,28012,28,tam,González
1998,28013,28013,28,tam,Güémez
1999,28014,28014,28,tam,Guerrero
2000,28015,28015,28,tam,Gustavo Díaz Ordaz
2001,28016,28016,28,tam,Hidalgo
2002,28017,28017,28,tam,Jaumave
2003,28018,28018,28,tam,Jiménez
2004,28019,28019,28,tam,Llera
2005,28020,28020,28,tam,Mainero
2006,28021,28021,28,tam,Mante--El
2007,28022,28022,28,tam,Matamoros
2008,28023,28023,28,tam,Méndez
2009,28024,28024,28,tam,Mier
2010,28025,28025,28,tam,Miguel Alemán
2011,28026,28026,28,tam,Miquihuana
2012,28027,28027,28,tam,Nuevo Laredo
2013,28028,28028,28,tam,Nuevo Morelos
2014,28029,28029,28,tam,Ocampo
2015,28030,28030,28,tam,Padilla
2016,28031,28031,28,tam,Palmillas
2017,28032,28032,28,tam,Reynosa
2018,28033,28033,28,tam,Río Bravo
2019,28034,28034,28,tam,San Carlos
2020,28035,28035,28,tam,San Fernando
2021,28036,28036,28,tam,San Nicolás
2022,28037,28037,28,tam,Soto la Marina
2023,28038,28038,28,tam,Tampico
2024,28039,28039,28,tam,Tula
2025,28040,28040,28,tam,Valle Hermoso
2026,28041,28041,28,tam,Victoria
2027,28042,28042,28,tam,Villagrán
2028,28043,28043,28,tam,Xicoténcatl
2029,29001,29001,29,tla,Amaxac de Guerrero
2030,29002,29002,29,tla,Apetatitlán de Antonio Carvajal
2031,29003,29004,29,tla,Atlangatepec
2032,29004,29005,29,tla,Altzayanca
2033,29005,29003,29,tla,Apizaco
2034,29006,29006,29,tla,Calpulalpan
2035,29007,29007,29,tla,Carmen Tequexquitla--El
2036,29008,29008,29,tla,Cuapiaxtla
2037,29009,29009,29,tla,Cuaxomulco
2038,29010,29010,29,tla,Chiautempan
2039,29011,29011,29,tla,Muñoz de Domingo Arenas
2040,29012,29012,29,tla,Españita
2041,29013,29013,29,tla,Huamantla
2042,29014,29014,29,tla,Hueyotlipan
2043,29015,29015,29,tla,Ixtacuixtla de Mariano Matamoros
2044,29016,29016,29,tla,Ixtenco
2045,29017,29017,29,tla,Mazatecochco de José María Morelos
2046,29018,29018,29,tla,Contla de Juan Cuamatzi
2047,29019,29019,29,tla,Tepetitla de Lardizábal
2048,29020,29020,29,tla,Sanctórum de Lázaro Cárdenas
2049,29021,29021,29,tla,Nanacamilpa de Mariano Arista
2050,29022,29022,29,tla,Acuamanala de Miguel Hidalgo
2051,29023,29023,29,tla,Natívitas
2052,29024,29024,29,tla,Panotla
2053,29025,29025,29,tla,San Pablo del Monte
2054,29026,29026,29,tla,Santa Cruz Tlaxcala
2055,29027,29027,29,tla,Tenancingo
2056,29028,29028,29,tla,Teolocholco
2057,29029,29029,29,tla,Tepeyanco
2058,29030,29030,29,tla,Terrenate
2059,29031,29031,29,tla,Tetla de la Solidaridad
2060,29032,29032,29,tla,Tetlatlahuca
2061,29033,29033,29,tla,Tlaxcala
2062,29034,29034,29,tla,Tlaxco
2063,29035,29035,29,tla,Tocatlán
2064,29036,29036,29,tla,Totolac
2065,29037,29037,29,tla,Zitlaltepec de Trinidad Sánchez Santos
2066,29038,29038,29,tla,Tzompantepec
2067,29039,29039,29,tla,Xaloztoc
2068,29040,29040,29,tla,Xaltocan
2069,29041,29041,29,tla,Papalotla de Xicohténcatl
2070,29042,29042,29,tla,Xicohtzinco
2071,29043,29043,29,tla,Yauhquemecan
2072,29044,29044,29,tla,Zacatelco
2073,29045,29060,29,tla,Benito Juárez
2074,29046,29054,29,tla,Emiliano Zapata
2075,29047,29055,29,tla,Lázaro Cárdenas
2076,29048,29052,29,tla,Magdalena Tlaltelulco--La
2077,29049,29053,29,tla,San Damián Texoloc
2078,29050,29051,29,tla,San Francisco Tetlanohcan
2079,29051,29056,29,tla,San Jerónimo Zacualpan
2080,29052,29050,29,tla,San José Teacalco
2081,29053,29047,29,tla,San Juan Huactzinco
2082,29054,29059,29,tla,San Lorenzo Axocomanitla
2083,29055,29057,29,tla,San Lucas Tecopilco
2084,29056,29058,29,tla,Santa Ana Nopalucan
2085,29057,29045,29,tla,Santa Apolonia Teacalco
2086,29058,29048,29,tla,Santa Catarina Ayometla
2087,29059,29046,29,tla,Santa Cruz Quilehtla
2088,29060,29049,29,tla,Santa Isabel Xiloxoxtla
2089,30001,30001,30,ver,Acajete
2090,30002,30002,30,ver,Acatlán
2091,30003,30003,30,ver,Acayucan
2092,30004,30004,30,ver,Actopan
2093,30005,30005,30,ver,Acula
2094,30006,30006,30,ver,Acultzingo
2095,30007,30007,30,ver,Camarón de Tejeda
2096,30008,30009,30,ver,Alpatláhuac
2097,30009,30010,30,ver,Alto Lucero de Gutiérrez Barrios
2098,30010,30011,30,ver,Altotonga
2099,30011,30012,30,ver,Alvarado
2100,30012,30013,30,ver,Amatitlán
2101,30013,30015,30,ver,Naranjos Amatlán
2102,30014,30014,30,ver,Amatlán de los Reyes
2103,30015,30016,30,ver,Ángel R. Cabada
2104,30016,30017,30,ver,Antigua--La
2105,30017,30018,30,ver,Apazapan
2106,30018,30019,30,ver,Aquila
2107,30019,30020,30,ver,Astacinga
2108,30020,30021,30,ver,Atlahuilco
2109,30021,30022,30,ver,Atoyac
2110,30022,30023,30,ver,Atzacan
2111,30023,30024,30,ver,Atzalan
2112,30024,30025,30,ver,Tlaltetela
2113,30025,30026,30,ver,Ayahualulco
2114,30026,30027,30,ver,Banderilla
2115,30027,30028,30,ver,Benito Juárez
2116,30028,30029,30,ver,Boca del Río
2117,30029,30030,30,ver,Calcahualco
2118,30030,30031,30,ver,Camerino Z. Mendoza
2119,30031,30032,30,ver,Carrillo Puerto
2120,30032,30034,30,ver,Catemaco
2121,30033,30035,30,ver,Cazones
2122,30034,30036,30,ver,Cerro Azul
2123,30035,30037,30,ver,Citlaltépetl
2124,30036,30038,30,ver,Coacoatzintla
2125,30037,30039,30,ver,Coahuitlán
2126,30038,30040,30,ver,Coatepec
2127,30039,30041,30,ver,Coatzacoalcos
2128,30040,30042,30,ver,Coatzintla
2129,30041,30043,30,ver,Coetzala
2130,30042,30044,30,ver,Colipa
2131,30043,30045,30,ver,Comapa
2132,30044,30046,30,ver,Córdoba
2133,30045,30047,30,ver,Cosamaloapan de Carpio
2134,30046,30048,30,ver,Cosautlán de Carvajal
2135,30047,30049,30,ver,Coscomatepec
2136,30048,30050,30,ver,Cosoleacaque
2137,30049,30051,30,ver,Cotaxtla
2138,30050,30052,30,ver,Coxquihui
2139,30051,30053,30,ver,Coyutla
2140,30052,30054,30,ver,Cuichapa
2141,30053,30055,30,ver,Cuitláhuac
2142,30054,30056,30,ver,Chacaltianguis
2143,30055,30057,30,ver,Chalma
2144,30056,30058,30,ver,Chiconamel
2145,30057,30059,30,ver,Chiconquiaco
2146,30058,30060,30,ver,Chicontepec
2147,30059,30061,30,ver,Chinameca
2148,30060,30062,30,ver,Chinampa de Gorostiza
2149,30061,30063,30,ver,Choapas--Las
2150,30062,30064,30,ver,Chocamán
2151,30063,30065,30,ver,Chontla
2152,30064,30066,30,ver,Chumatlán
2153,30065,30067,30,ver,Emiliano Zapata
2154,30066,30068,30,ver,Espinal
2155,30067,30069,30,ver,Filomeno Mata
2156,30068,30070,30,ver,Fortín
2157,30069,30071,30,ver,Gutiérrez Zamora
2158,30070,30072,30,ver,Hidalgotitlán
2159,30071,30073,30,ver,Huatusco
2160,30072,30074,30,ver,Huayacocotla
2161,30073,30075,30,ver,Hueyapan de Ocampo
2162,30074,30076,30,ver,Huiloapan
2163,30075,30077,30,ver,Ignacio de la Llave
2164,30076,30078,30,ver,Ilamatlán
2165,30077,30079,30,ver,Isla
2166,30078,30080,30,ver,Ixcatepec
2167,30079,30081,30,ver,Ixhuacán de los Reyes
2168,30080,30083,30,ver,Ixhuatlán del Café
2169,30081,30085,30,ver,Ixhuatlancillo
2170,30082,30084,30,ver,Ixhuatlán del Sureste
2171,30083,30082,30,ver,Ixhuatlán de Madero
2172,30084,30086,30,ver,Ixmatlahuacan
2173,30085,30087,30,ver,Ixtaczoquitlán
2174,30086,30088,30,ver,Jalacingo
2175,30087,30089,30,ver,Xalapa
2176,30088,30090,30,ver,Jalcomulco
2177,30089,30091,30,ver,Jáltipan
2178,30090,30092,30,ver,Jamapa
2179,30091,30093,30,ver,Jesús Carranza
2180,30092,30194,30,ver,Xico
2181,30093,30094,30,ver,Jilotepec
2182,30094,30095,30,ver,Juan Rodríguez Clara
2183,30095,30096,30,ver,Juchique de Ferrer
2184,30096,30097,30,ver,Landero y Coss
2185,30097,30098,30,ver,Lerdo de Tejada
2186,30098,30099,30,ver,Magdalena
2187,30099,30100,30,ver,Maltrata
2188,30100,30101,30,ver,Manlio Fabio Altamirano
2189,30101,30102,30,ver,Mariano Escobedo
2190,30102,30103,30,ver,Martínez de la Torre
2191,30103,30104,30,ver,Mecatlán
2192,30104,30105,30,ver,Mecayapan
2193,30105,30106,30,ver,Medellín
2194,30106,30107,30,ver,Miahuatlán
2195,30107,30108,30,ver,Minas--Las
2196,30108,30109,30,ver,Minatitlán
2197,30109,30110,30,ver,Misantla
2198,30110,30111,30,ver,Mixtla de Altamirano
2199,30111,30112,30,ver,Moloacán
2200,30112,30113,30,ver,Naolinco
2201,30113,30114,30,ver,Naranjal
2202,30114,30115,30,ver,Nautla
2203,30115,30116,30,ver,Nogales
2204,30116,30117,30,ver,Oluta
2205,30117,30118,30,ver,Omealca
2206,30118,30119,30,ver,Orizaba
2207,30119,30120,30,ver,Otatitlán
2208,30120,30121,30,ver,Oteapan
2209,30121,30122,30,ver,Ozuluama de Mascareñas
2210,30122,30123,30,ver,Pajapan
2211,30123,30124,30,ver,Pánuco
2212,30124,30125,30,ver,Papantla
2213,30125,30126,30,ver,Paso del Macho
2214,30126,30127,30,ver,Paso de Ovejas
2215,30127,30128,30,ver,Perla--La
2216,30128,30129,30,ver,Perote
2217,30129,30130,30,ver,Platón Sánchez
2218,30130,30131,30,ver,Playa Vicente
2219,30131,30132,30,ver,Poza Rica de Hidalgo
2220,30132,30137,30,ver,Vigas de Ramírez--Las
2221,30133,30133,30,ver,Pueblo Viejo
2222,30134,30134,30,ver,Puente Nacional
2223,30135,30135,30,ver,Rafael Delgado
2224,30136,30136,30,ver,Rafael Lucio
2225,30137,30138,30,ver,Reyes--Los
2226,30138,30139,30,ver,Río Blanco
2227,30139,30140,30,ver,Saltabarranca
2228,30140,30141,30,ver,San Andrés Tenejapan
2229,30141,30142,30,ver,San Andrés Tuxtla
2230,30142,30143,30,ver,San Juan Evangelista
2231,30143,30144,30,ver,Santiago Tuxtla
2232,30144,30145,30,ver,Sayula de Alemán
2233,30145,30146,30,ver,Soconusco
2234,30146,30147,30,ver,Sochiapa
2235,30147,30148,30,ver,Soledad Atzompa
2236,30148,30149,30,ver,Soledad de Doblado
2237,30149,30150,30,ver,Soteapan
2238,30150,30151,30,ver,Tamalín
2239,30151,30152,30,ver,Tamiahua
2240,30152,30153,30,ver,Tampico Alto
2241,30153,30154,30,ver,Tancoco
2242,30154,30155,30,ver,Tantima
2243,30155,30156,30,ver,Tantoyuca
2244,30156,30157,30,ver,Tatatila
2245,30157,30033,30,ver,Castillo de Teayo
2246,30158,30158,30,ver,Tecolutla
2247,30159,30159,30,ver,Tehuipango
2248,30160,30008,30,ver,Temapache
2249,30161,30160,30,ver,Tempoal
2250,30162,30161,30,ver,Tenampa
2251,30163,30162,30,ver,Tenochtitlán
2252,30164,30163,30,ver,Teocelo
2253,30165,30164,30,ver,Tepatlaxco
2254,30166,30165,30,ver,Tepetlán
2255,30167,30166,30,ver,Tepetzintla
2256,30168,30167,30,ver,Tequila
2257,30169,30168,30,ver,José Azueta
2258,30170,30169,30,ver,Texcatepec
2259,30171,30170,30,ver,Texhuacán
2260,30172,30171,30,ver,Texistepec
2261,30173,30172,30,ver,Tezonapa
2262,30174,30173,30,ver,Tierra Blanca
2263,30175,30174,30,ver,Tihuatlán
2264,30176,30175,30,ver,Tlacojalpan
2265,30177,30176,30,ver,Tlacolulan
2266,30178,30177,30,ver,Tlacotalpan
2267,30179,30178,30,ver,Tlacotepec de Mejía
2268,30180,30179,30,ver,Tlachichilco
2269,30181,30180,30,ver,Tlalixcoyan
2270,30182,30181,30,ver,Tlalnelhuayocan
2271,30183,30182,30,ver,Tlapacoyan
2272,30184,30183,30,ver,Tlaquilpa
2273,30185,30184,30,ver,Tlilapan
2274,30186,30185,30,ver,Tomatlán
2275,30187,30186,30,ver,Tonayán
2276,30188,30187,30,ver,Totutla
2277,30189,30188,30,ver,Túxpam
2278,30190,30189,30,ver,Tuxtilla
2279,30191,30190,30,ver,Úrsulo Galván
2280,30192,30191,30,ver,Vega de Alatorre
2281,30193,30192,30,ver,Veracruz
2282,30194,30193,30,ver,Villa Aldama
2283,30195,30195,30,ver,Xoxocotla
2284,30196,30196,30,ver,Yanga
2285,30197,30197,30,ver,Yecuatla
2286,30198,30198,30,ver,Zacualpan
2287,30199,30199,30,ver,Zaragoza
2288,30200,30200,30,ver,Zentla
2289,30201,30201,30,ver,Zongolica
2290,30202,30202,30,ver,Zontecomatlán de López y fuentes
2291,30203,30203,30,ver,Zozocolco de Hidalgo
2292,30204,30206,30,ver,Agua Dulce
2293,30205,30207,30,ver,Higo--El
2294,30206,30205,30,ver,Nanchital de Lázaro Cárdenas del Río
2295,30207,30204,30,ver,Tres Valles
2296,30208,30208,30,ver,Carlos A. Carrillo
2297,30209,30210,30,ver,Tatahuicapan de Juárez
2298,30210,30209,30,ver,Uxpanapa
2299,30211,30211,30,ver,San Rafael
2300,30212,30212,30,ver,Santiago Sochiapa
2301,31001,31001,31,yuc,Abalá
2302,31002,31002,31,yuc,Acanceh
2303,31003,31003,31,yuc,Akil
2304,31004,31004,31,yuc,Baca
2305,31005,31005,31,yuc,Bokobá
2306,31006,31006,31,yuc,Buctzotz
2307,31007,31007,31,yuc,Cacalchén
2308,31008,31008,31,yuc,Calotmul
2309,31009,31009,31,yuc,Cansahcab
2310,31010,31010,31,yuc,Cantamayec
2311,31011,31011,31,yuc,Celestún
2312,31012,31012,31,yuc,Cenotillo
2313,31013,31013,31,yuc,Conkal
2314,31014,31014,31,yuc,Cuncunul
2315,31015,31015,31,yuc,Cuzamá
2316,31016,31016,31,yuc,Chacsinkín
2317,31017,31017,31,yuc,Chankom
2318,31018,31018,31,yuc,Chapab
2319,31019,31019,31,yuc,Chemax
2320,31020,31020,31,yuc,Chicxulub Pueblo
2321,31021,31021,31,yuc,Chichimilá
2322,31022,31022,31,yuc,Chikindzonot
2323,31023,31023,31,yuc,Chocholá
2324,31024,31024,31,yuc,Chumayel
2325,31025,31025,31,yuc,Dzán
2326,31026,31026,31,yuc,Dzemul
2327,31027,31027,31,yuc,Dzidzantún
2328,31028,31028,31,yuc,Dzilam de Bravo
2329,31029,31029,31,yuc,Dzilam González
2330,31030,31030,31,yuc,Dzitás
2331,31031,31031,31,yuc,Dzoncauich
2332,31032,31032,31,yuc,Espita
2333,31033,31033,31,yuc,Halachó
2334,31034,31034,31,yuc,Hocabá
2335,31035,31035,31,yuc,Hoctún
2336,31036,31036,31,yuc,Homún
2337,31037,31037,31,yuc,Huhí
2338,31038,31038,31,yuc,Hunucmá
2339,31039,31039,31,yuc,Ixil
2340,31040,31040,31,yuc,Izamal
2341,31041,31041,31,yuc,Kanasín
2342,31042,31042,31,yuc,Kantunil
2343,31043,31043,31,yuc,Kaua
2344,31044,31044,31,yuc,Kinchil
2345,31045,31045,31,yuc,Kopomá
2346,31046,31046,31,yuc,Mama
2347,31047,31047,31,yuc,Maní
2348,31048,31048,31,yuc,Maxcanú
2349,31049,31049,31,yuc,Mayapán
2350,31050,31050,31,yuc,Mérida
2351,31051,31051,31,yuc,Mocochá
2352,31052,31052,31,yuc,Motul
2353,31053,31053,31,yuc,Muna
2354,31054,31054,31,yuc,Muxupip
2355,31055,31055,31,yuc,Opichén
2356,31056,31056,31,yuc,Oxkutzcab
2357,31057,31057,31,yuc,Panabá
2358,31058,31058,31,yuc,Peto
2359,31059,31059,31,yuc,Progreso
2360,31060,31060,31,yuc,Quintana Roo
2361,31061,31061,31,yuc,Río Lagartos
2362,31062,31062,31,yuc,Sacalum
2363,31063,31063,31,yuc,Samahil
2364,31064,31064,31,yuc,Sanahcat
2365,31065,31065,31,yuc,San Felipe
2366,31066,31066,31,yuc,Santa Elena
2367,31067,31067,31,yuc,Seyé
2368,31068,31068,31,yuc,Sinanché
2369,31069,31069,31,yuc,Sotuta
2370,31070,31070,31,yuc,Sucilá
2371,31071,31071,31,yuc,Sudzal
2372,31072,31072,31,yuc,Suma
2373,31073,31073,31,yuc,Tahdziú
2374,31074,31074,31,yuc,Tahmek
2375,31075,31075,31,yuc,Teabo
2376,31076,31076,31,yuc,Tecoh
2377,31077,31077,31,yuc,Tekal de Venegas
2378,31078,31078,31,yuc,Tekantó
2379,31079,31079,31,yuc,Tekax
2380,31080,31080,31,yuc,Tekit
2381,31081,31081,31,yuc,Tekom
2382,31082,31082,31,yuc,Telchac Pueblo
2383,31083,31083,31,yuc,Telchac Puerto
2384,31084,31084,31,yuc,Temax
2385,31085,31085,31,yuc,Temozón
2386,31086,31086,31,yuc,Tepakán
2387,31087,31087,31,yuc,Tetiz
2388,31088,31088,31,yuc,Teya
2389,31089,31089,31,yuc,Ticul
2390,31090,31090,31,yuc,Timucuy
2391,31091,31091,31,yuc,Tinum
2392,31092,31092,31,yuc,Tixcacalcupul
2393,31093,31093,31,yuc,Tixkokob
2394,31094,31094,31,yuc,Tixmehuac
2395,31095,31095,31,yuc,Tixpéhual
2396,31096,31096,31,yuc,Tizimín
2397,31097,31097,31,yuc,Tunkás
2398,31098,31098,31,yuc,Tzucacab
2399,31099,31099,31,yuc,Uayma
2400,31100,31100,31,yuc,Ucú
2401,31101,31101,31,yuc,Umán
2402,31102,31102,31,yuc,Valladolid
2403,31103,31103,31,yuc,Xocchel
2404,31104,31104,31,yuc,Yaxcabá
2405,31105,31105,31,yuc,Yaxkukul
2406,31106,31106,31,yuc,Yobaín
2407,32001,32001,32,zac,Apozol
2408,32002,32002,32,zac,Apulco
2409,32003,32003,32,zac,Atolinga
2410,32004,32004,32,zac,Benito Juárez
2411,32005,32005,32,zac,Calera
2412,32006,32006,32,zac,Cañitas de Felipe Pescador
2413,32007,32007,32,zac,Concepción del Oro
2414,32008,32008,32,zac,Cuauhtémoc
2415,32009,32009,32,zac,Chalchihuites
2416,32010,32010,32,zac,Fresnillo
2417,32011,32011,32,zac,Trinidad García de la Cadena
2418,32012,32012,32,zac,Genaro Codina
2419,32013,32013,32,zac,General Enrique Estrada
2420,32014,32014,32,zac,General Francisco R. Murguía
2421,32015,32015,32,zac,Plateado de Joaquín Amaro--El
2422,32016,32016,32,zac,General Pánfilo Natera
2423,32017,32017,32,zac,Guadalupe
2424,32018,32018,32,zac,Huanusco
2425,32019,32019,32,zac,Jalpa
2426,32020,32020,32,zac,Jerez
2427,32021,32021,32,zac,Jiménez del Teul
2428,32022,32022,32,zac,Juan Aldama
2429,32023,32023,32,zac,Juchipila
2430,32024,32024,32,zac,Loreto
2431,32025,32025,32,zac,Luis Moya
2432,32026,32026,32,zac,Mazapil
2433,32027,32027,32,zac,Melchor Ocampo
2434,32028,32028,32,zac,Mezquital del Oro
2435,32029,32029,32,zac,Miguel Auza
2436,32030,32030,32,zac,Momax
2437,32031,32031,32,zac,Monte Escobedo
2438,32032,32032,32,zac,Morelos
2439,32033,32033,32,zac,Moyahua de Estrada
2440,32034,32034,32,zac,Nochistlán de Mejía
2441,32035,32035,32,zac,Noria de Ángeles
2442,32036,32036,32,zac,Ojocaliente
2443,32037,32037,32,zac,Pánuco
2444,32038,32038,32,zac,Pinos
2445,32039,32039,32,zac,Río Grande
2446,32040,32040,32,zac,Sain Alto
2447,32041,32041,32,zac,Salvador--El
2448,32042,32042,32,zac,Sombrerete
2449,32043,32043,32,zac,Susticacán
2450,32044,32044,32,zac,Tabasco
2451,32045,32045,32,zac,Tepechitlán
2452,32046,32046,32,zac,Tepetongo
2453,32047,32047,32,zac,Teul de González Ortega
2454,32048,32048,32,zac,Tlaltenango de Sánchez Román
2455,32049,32049,32,zac,Valparaíso
2456,32050,32050,32,zac,Vetagrande
2457,32051,32051,32,zac,Villa de Cos
2458,32052,32052,32,zac,Villa García
2459,32053,32053,32,zac,Villa González Ortega
2460,32054,32054,32,zac,Villa Hidalgo
2461,32055,32055,32,zac,Villanueva
2462,32056,32056,32,zac,Zacatecas
2463,32057,32057,32,zac,Trancoso
2464,32058,32058,32,zac,Santa María de la Paz
