ord,ife,inegi,mun,ID_MUNICIPIO_LOCAL,PARTIDO_CI,CANDIDATURA_PROPIETARIA,x
995,16001,16001,ACUITZIO,1,PAN,ROGELIO AYALA CORTES,X
996,16001,16001,ACUITZIO,1,PRI,ROGELIO AYALA CORTES,.
997,16001,16001,ACUITZIO,1,PRD,CARMEN AGUILAR SANTOYO,.
998,16001,16001,ACUITZIO,1,PT,SILVESTRE HERNANDEZ RODRIGUEZ,.
999,16001,16001,ACUITZIO,1,PVEM,SILVESTRE HERNANDEZ RODRIGUEZ,.
1000,16001,16001,ACUITZIO,1,MC,ANA BRISEYDA VILLA VALDEZ,.
1001,16001,16001,ACUITZIO,1,MORENA,SILVESTRE HERNANDEZ RODRIGUEZ,.
1002,16001,16001,ACUITZIO,1,PESM,JESUS HERNANDEZ EGUIZA,.
1003,16001,16001,ACUITZIO,1,PMM,ADAN GUILLEN VILLASEÑOR,.
1004,16001,16001,ACUITZIO,1,TXM,SALVADOR POMPA RANGEL,.
1005,16001,16001,ACUITZIO,1,C_PT_PVEM_MORENA,SILVESTRE HERNANDEZ RODRIGUEZ,.
1006,16001,16001,ACUITZIO,1,C_PT_MORENA,SILVESTRE HERNANDEZ RODRIGUEZ,.
1007,16001,16001,ACUITZIO,1,C_PAN_PRI,ROGELIO AYALA CORTES,.
1060,16002,16002,AGUILILLA,2,PAN,OSVALDO MALDONADO  ZEPEDA,X
1061,16002,16002,AGUILILLA,2,PRI,OSVALDO MALDONADO  ZEPEDA,.
1062,16002,16002,AGUILILLA,2,PRD,OSVALDO MALDONADO  ZEPEDA,.
1063,16002,16002,AGUILILLA,2,PT,MARIA DE JESUS MONTES MENDOZA,.
1064,16002,16002,AGUILILLA,2,PVEM,ELSA GUADALUPE CONTRERAS SANCHEZ,.
1065,16002,16002,AGUILILLA,2,MORENA,MARIA DE JESUS MONTES MENDOZA,.
1066,16002,16002,AGUILILLA,2,C_PT_MORENA,MARIA DE JESUS MONTES MENDOZA,.
1067,16002,16002,AGUILILLA,2,C_PAN_PRI_PRD,OSVALDO MALDONADO  ZEPEDA,.
1068,16002,16002,AGUILILLA,2,C_PAN_PRI,OSVALDO MALDONADO  ZEPEDA,.
1069,16002,16002,AGUILILLA,2,C_PRI_PRD,OSVALDO MALDONADO  ZEPEDA,.
539,16003,16003,ALVARO OBREGON,3,PAN,ADAN SANCHEZ LOPEZ,X
540,16003,16003,ALVARO OBREGON,3,PRI,ADAN SANCHEZ LOPEZ,.
541,16003,16003,ALVARO OBREGON,3,PRD,ADAN SANCHEZ LOPEZ,.
542,16003,16003,ALVARO OBREGON,3,PT,JOSE GUADALUPE JUAREZ RODRIGUEZ,.
543,16003,16003,ALVARO OBREGON,3,PVEM,LUZ MARIANA CRUZ AYALA,.
544,16003,16003,ALVARO OBREGON,3,MC,ALEJANDRO CRUZ HERNANDEZ,.
545,16003,16003,ALVARO OBREGON,3,MORENA,RIGOBERTO ROMERO MARTINEZ,.
546,16003,16003,ALVARO OBREGON,3,PESM,FERNANDO SANCHEZ JUAREZ,.
547,16003,16003,ALVARO OBREGON,3,PMM,GILBERTO HERNANDEZ CAMACHO,.
548,16003,16003,ALVARO OBREGON,3,C_PAN_PRI_PRD,ADAN SANCHEZ LOPEZ,.
549,16003,16003,ALVARO OBREGON,3,C_PAN_PRI,ADAN SANCHEZ LOPEZ,.
550,16003,16003,ALVARO OBREGON,3,C_PRI_PRD,ADAN SANCHEZ LOPEZ,.
88,16004,16004,ANGAMACUTIRO,4,PAN,PAULA JARAMILLO NEGRETE,X
89,16004,16004,ANGAMACUTIRO,4,PRI,PAULA JARAMILLO NEGRETE,.
90,16004,16004,ANGAMACUTIRO,4,PRD,PAULA JARAMILLO NEGRETE,.
91,16004,16004,ANGAMACUTIRO,4,PT,HERMES ARNULFO PACHECO BRIBIESCA,.
92,16004,16004,ANGAMACUTIRO,4,PVEM,HERMES ARNULFO PACHECO BRIBIESCA,.
93,16004,16004,ANGAMACUTIRO,4,MORENA,HERMES ARNULFO PACHECO BRIBIESCA,.
94,16004,16004,ANGAMACUTIRO,4,TXM,ROCIO ALEJANDRA VALENCIA SALDAÑA,.
95,16004,16004,ANGAMACUTIRO,4,C_PT_PVEM_MORENA,HERMES ARNULFO PACHECO BRIBIESCA,.
96,16004,16004,ANGAMACUTIRO,4,C_PT_MORENA,HERMES ARNULFO PACHECO BRIBIESCA,.
97,16004,16004,ANGAMACUTIRO,4,C_PAN_PRI_PRD,PAULA JARAMILLO NEGRETE,.
98,16004,16004,ANGAMACUTIRO,4,C_PAN_PRI,PAULA JARAMILLO NEGRETE,.
99,16004,16004,ANGAMACUTIRO,4,C_PRI_PRD,PAULA JARAMILLO NEGRETE,.
737,16005,16005,ANGANGUEO,5,PAN,LEONEL MARTINEZ MAYA,X
738,16005,16005,ANGANGUEO,5,PRI,LEONEL MARTINEZ MAYA,.
739,16005,16005,ANGANGUEO,5,PRD,SHEILA CASTAÑEDA DIAZ,.
740,16005,16005,ANGANGUEO,5,PT,MARIA HILDA DOMINGUEZ GARCIA,.
741,16005,16005,ANGANGUEO,5,PVEM,MARIA HILDA DOMINGUEZ GARCIA,.
742,16005,16005,ANGANGUEO,5,MC,GERARDO SANCHEZ SANCHEZ,.
743,16005,16005,ANGANGUEO,5,MORENA,MARIA HILDA DOMINGUEZ GARCIA,.
744,16005,16005,ANGANGUEO,5,PESM,SHEILA CASTAÑEDA DIAZ,.
745,16005,16005,ANGANGUEO,5,PMM,MA REFUGIO TELLEZ MARTINEZ,.
746,16005,16005,ANGANGUEO,5,C_PT_PVEM_MORENA,MARIA HILDA DOMINGUEZ GARCIA,.
747,16005,16005,ANGANGUEO,5,C_PT_MORENA,MARIA HILDA DOMINGUEZ GARCIA,.
748,16005,16005,ANGANGUEO,5,C_PAN_PRI,LEONEL MARTINEZ MAYA,.
749,16005,16005,ANGANGUEO,5,C_PRD_PESM,SHEILA CASTAÑEDA DIAZ,.
1259,16006,16006,APATZINGAN,6,PAN,BLANCA AZUCENA ALVAREZ CHAVEZ,X
1260,16006,16006,APATZINGAN,6,PRI,BLANCA AZUCENA ALVAREZ CHAVEZ,.
1261,16006,16006,APATZINGAN,6,PRD,BLANCA AZUCENA ALVAREZ CHAVEZ,.
1262,16006,16006,APATZINGAN,6,PT,FANNY LYSSETTE ARREOLA  PICHARDO,.
1263,16006,16006,APATZINGAN,6,PVEM,FANNY LYSSETTE ARREOLA  PICHARDO,.
1264,16006,16006,APATZINGAN,6,MC,LEURY OCHOA LOPEZ,.
1265,16006,16006,APATZINGAN,6,MORENA,FANNY LYSSETTE ARREOLA  PICHARDO,.
1266,16006,16006,APATZINGAN,6,PESM,MARCELINO MORENO MEDINA,.
1267,16006,16006,APATZINGAN,6,MICH1,JOSE CARLOS CRUZ ESCOBAR,.
1268,16006,16006,APATZINGAN,6,TXM,MARCO ANTONIO TORRES PICHARDO,.
1269,16006,16006,APATZINGAN,6,C_PT_PVEM_MORENA,FANNY LYSSETTE ARREOLA  PICHARDO,.
1270,16006,16006,APATZINGAN,6,C_PT_MORENA,FANNY LYSSETTE ARREOLA  PICHARDO,.
1271,16006,16006,APATZINGAN,6,C_PAN_PRI_PRD,BLANCA AZUCENA ALVAREZ CHAVEZ,.
1272,16006,16006,APATZINGAN,6,C_PAN_PRI,BLANCA AZUCENA ALVAREZ CHAVEZ,.
1273,16006,16006,APATZINGAN,6,C_PRI_PRD,BLANCA AZUCENA ALVAREZ CHAVEZ,.
218,16007,16007,APORO,7,PRD,GERARDO ORTIZ MEJIA,X
219,16007,16007,APORO,7,PT,MARA YURITZI PERDOMO CRUZ,.
220,16007,16007,APORO,7,PVEM,MARA YURITZI PERDOMO CRUZ,.
221,16007,16007,APORO,7,MC,JUAN AGUSTIN TORRES SANDOVAL,.
222,16007,16007,APORO,7,MORENA,MARA YURITZI PERDOMO CRUZ,.
223,16007,16007,APORO,7,PESM,GERARDO ORTIZ MEJIA,.
224,16007,16007,APORO,7,PMM,LAURA SANCHEZ LOPEZ,.
225,16007,16007,APORO,7,TXM,JAVIER TORRES TELLO,.
226,16007,16007,APORO,7,C_PT_PVEM_MORENA,MARA YURITZI PERDOMO CRUZ,.
227,16007,16007,APORO,7,C_PT_MORENA,MARA YURITZI PERDOMO CRUZ,.
228,16007,16007,APORO,7,C_PRD_PESM,GERARDO ORTIZ MEJIA,.
1070,16008,16008,AQUILA,8,PAN,YULMA DARELI MARQUEZ RIVERA,X
1071,16008,16008,AQUILA,8,PRI,YULMA DARELI MARQUEZ RIVERA,.
1072,16008,16008,AQUILA,8,PRD,YULMA DARELI MARQUEZ RIVERA,.
1073,16008,16008,AQUILA,8,PT,GARDENIA ALVAREZ RAMOS,.
1074,16008,16008,AQUILA,8,PVEM,JOSE MARIA VALENCIA GUILLEN,.
1075,16008,16008,AQUILA,8,MORENA,LORENA ARACELI SANDOVAL ALCALA,.
1076,16008,16008,AQUILA,8,C_PAN_PRI_PRD,YULMA DARELI MARQUEZ RIVERA,.
1077,16008,16008,AQUILA,8,C_PAN_PRI,YULMA DARELI MARQUEZ RIVERA,.
1078,16008,16008,AQUILA,8,C_PRI_PRD,YULMA DARELI MARQUEZ RIVERA,.
1008,16009,16009,ARIO DE ROSALES ,9,PAN,JENNIFER LEDEZMA ESQUIVEL,X
1009,16009,16009,ARIO DE ROSALES ,9,PRI,JENNIFER LEDEZMA ESQUIVEL,.
1010,16009,16009,ARIO DE ROSALES ,9,PRD,LUIS MANUEL PARRA LEON,.
1011,16009,16009,ARIO DE ROSALES ,9,PT,KARLA YOHANA MENDOZA BERMUDEZ,.
1012,16009,16009,ARIO DE ROSALES ,9,PVEM,KARLA YOHANA MENDOZA BERMUDEZ,.
1013,16009,16009,ARIO DE ROSALES ,9,MC,SERGIO OCTAVIO LOPEZ GARCIA,.
1014,16009,16009,ARIO DE ROSALES ,9,MORENA,KARLA YOHANA MENDOZA BERMUDEZ,.
1015,16009,16009,ARIO DE ROSALES ,9,MICH1,NAUFEL YAFAR BUCIO,.
1016,16009,16009,ARIO DE ROSALES ,9,TXM,GUADALUPE LIZBETH  SALINAS CASTAÑEDA,.
1017,16009,16009,ARIO DE ROSALES ,9,C_PT_PVEM_MORENA,KARLA YOHANA MENDOZA BERMUDEZ,.
1018,16009,16009,ARIO DE ROSALES ,9,C_PT_MORENA,KARLA YOHANA MENDOZA BERMUDEZ,.
1019,16009,16009,ARIO DE ROSALES ,9,C_PAN_PRI,JENNIFER LEDEZMA ESQUIVEL,.
1154,16010,16010,ARTEAGA,10,PAN,SANDRA LUZ VILLANUEVA LEDESMA,X
1155,16010,16010,ARTEAGA,10,PRI,SANDRA LUZ VILLANUEVA LEDESMA,.
1156,16010,16010,ARTEAGA,10,PRD,MARIA GUADALUPE CORREA GARCIA,.
1157,16010,16010,ARTEAGA,10,PT,WENDOLY ALEJANDRA AVELLANEDA TORRES,.
1158,16010,16010,ARTEAGA,10,PVEM,WENDOLY ALEJANDRA AVELLANEDA TORRES,.
1159,16010,16010,ARTEAGA,10,MC,FERNANDA NAOMY COLIN GUIZAR,.
1160,16010,16010,ARTEAGA,10,MORENA,WENDOLY ALEJANDRA AVELLANEDA TORRES,.
1161,16010,16010,ARTEAGA,10,PESM,MARIA GUADALUPE CORREA GARCIA,.
1162,16010,16010,ARTEAGA,10,C_PT_PVEM_MORENA,WENDOLY ALEJANDRA AVELLANEDA TORRES,.
1163,16010,16010,ARTEAGA,10,C_PT_MORENA,WENDOLY ALEJANDRA AVELLANEDA TORRES,.
1164,16010,16010,ARTEAGA,10,C_PAN_PRI,SANDRA LUZ VILLANUEVA LEDESMA,.
1165,16010,16010,ARTEAGA,10,C_PRD_PESM,MARIA GUADALUPE CORREA GARCIA,.
301,16011,16011,BRISEÑAS,11,PAN,JOSE ANTONIO PEREZ SALAZAR,X
302,16011,16011,BRISEÑAS,11,PRI,ANTONIO TORIBIO CRUZ,.
303,16011,16011,BRISEÑAS,11,PRD,ANTONIO TORIBIO CRUZ,.
304,16011,16011,BRISEÑAS,11,PT,LIZET ANDREINA BARRAGAN ZARAGOZA,.
305,16011,16011,BRISEÑAS,11,PVEM,JUAN ESTEBAN AVALOS ARCEO,.
306,16011,16011,BRISEÑAS,11,MC,MA LOURDES PADILLA ESPINOZA,.
307,16011,16011,BRISEÑAS,11,MORENA,JUAN ESTEBAN AVALOS ARCEO,.
308,16011,16011,BRISEÑAS,11,C_PVEM_MORENA,JUAN ESTEBAN AVALOS ARCEO,.
309,16011,16011,BRISEÑAS,11,C_PRI_PRD,ANTONIO TORIBIO CRUZ,.
1079,16012,16012,BUENAVISTA,12,PAN,ADRIANA VALENCIA ESCALERA,X
1080,16012,16012,BUENAVISTA,12,PRI,JULIO CESAR CHAVEZ NARANJO,.
1081,16012,16012,BUENAVISTA,12,PRD,RAFAEL PEDROZA PEREZ,.
1082,16012,16012,BUENAVISTA,12,PT,IRMA MORENO MENDOZA,.
1083,16012,16012,BUENAVISTA,12,PVEM,IRMA MORENO MENDOZA,.
1084,16012,16012,BUENAVISTA,12,MORENA,IRMA MORENO MENDOZA,.
1085,16012,16012,BUENAVISTA,12,PESM,RAFAEL PEDROZA PEREZ,.
1086,16012,16012,BUENAVISTA,12,MICH1,VICTORIA BARRAGAN VALENCIA,.
1087,16012,16012,BUENAVISTA,12,TXM,GUADALUPE MORA CHAVEZ,.
1088,16012,16012,BUENAVISTA,12,C_PT_PVEM_MORENA,IRMA MORENO MENDOZA,.
1089,16012,16012,BUENAVISTA,12,C_PT_MORENA,IRMA MORENO MENDOZA,.
1090,16012,16012,BUENAVISTA,12,C_PRD_PESM,RAFAEL PEDROZA PEREZ,.
885,16013,16013,CARACUARO,13,PAN,CELENE GARCIA GOMEZ,X
886,16013,16013,CARACUARO,13,PRI,CELENE GARCIA GOMEZ,.
887,16013,16013,CARACUARO,13,PRD,HEVER TENTORY GARCIA,.
888,16013,16013,CARACUARO,13,PT,DAINES NORAY ARREDONDO  PEÑALOZA,.
889,16013,16013,CARACUARO,13,PVEM,DAINES NORAY ARREDONDO  PEÑALOZA,.
890,16013,16013,CARACUARO,13,MORENA,DAINES NORAY ARREDONDO  PEÑALOZA,.
891,16013,16013,CARACUARO,13,PESM,HEVER TENTORY GARCIA,.
892,16013,16013,CARACUARO,13,C_PT_PVEM_MORENA,DAINES NORAY ARREDONDO  PEÑALOZA,.
893,16013,16013,CARACUARO,13,C_PT_MORENA,DAINES NORAY ARREDONDO  PEÑALOZA,.
894,16013,16013,CARACUARO,13,C_PAN_PRI,CELENE GARCIA GOMEZ,.
895,16013,16013,CARACUARO,13,C_PRD_PESM,HEVER TENTORY GARCIA,.
1091,16014,16014,COAHUAYANA,14,PAN,ANDRES RAFAEL AGUILAR MENDOZA,X
1092,16014,16014,COAHUAYANA,14,PRI,ANDRES RAFAEL AGUILAR MENDOZA,.
1093,16014,16014,COAHUAYANA,14,PRD,ANDRES RAFAEL AGUILAR MENDOZA,.
1094,16014,16014,COAHUAYANA,14,PT,GILDARDO RUIZ VELAZQUEZ,.
1095,16014,16014,COAHUAYANA,14,PVEM,GILDARDO RUIZ VELAZQUEZ,.
1096,16014,16014,COAHUAYANA,14,MC,CLAUDIA YAZMIN MERCADO LINARES,.
1097,16014,16014,COAHUAYANA,14,MORENA,GILDARDO RUIZ VELAZQUEZ,.
1098,16014,16014,COAHUAYANA,14,PESM,MA CONCEPCION RODRIGUEZ VALDOVINOS,.
1099,16014,16014,COAHUAYANA,14,PMM,ANTONIO VALDOVINOS CEJA,.
1100,16014,16014,COAHUAYANA,14,TXM,JOSE JUAN ORTEGA ESPINOSA,.
1101,16014,16014,COAHUAYANA,14,C_PT_PVEM_MORENA,GILDARDO RUIZ VELAZQUEZ,.
1102,16014,16014,COAHUAYANA,14,C_PT_MORENA,GILDARDO RUIZ VELAZQUEZ,.
1103,16014,16014,COAHUAYANA,14,C_PAN_PRI_PRD,ANDRES RAFAEL AGUILAR MENDOZA,.
1104,16014,16014,COAHUAYANA,14,C_PAN_PRI,ANDRES RAFAEL AGUILAR MENDOZA,.
1105,16014,16014,COAHUAYANA,14,C_PRI_PRD,ANDRES RAFAEL AGUILAR MENDOZA,.
1106,16015,16015,COALCOMAN DE VAZQUEZ PALLARES,15,PAN,MARIA ROSARIO CONTRERAS NIEBLAS,X
1107,16015,16015,COALCOMAN DE VAZQUEZ PALLARES,15,PRI,MARIA ROSARIO CONTRERAS NIEBLAS,.
1108,16015,16015,COALCOMAN DE VAZQUEZ PALLARES,15,PRD,RAFAEL SAUCEDO SANTANA,.
1109,16015,16015,COALCOMAN DE VAZQUEZ PALLARES,15,PT,YOLANDA PATRICIA  MENDOZA  BARAJAS,.
1110,16015,16015,COALCOMAN DE VAZQUEZ PALLARES,15,PVEM,YOLANDA PATRICIA  MENDOZA  BARAJAS,.
1111,16015,16015,COALCOMAN DE VAZQUEZ PALLARES,15,MC,ANAVEL AVILA CASTREJON,.
1112,16015,16015,COALCOMAN DE VAZQUEZ PALLARES,15,MORENA,YOLANDA PATRICIA  MENDOZA  BARAJAS,.
1113,16015,16015,COALCOMAN DE VAZQUEZ PALLARES,15,PESM,RAFAEL SAUCEDO SANTANA,.
1114,16015,16015,COALCOMAN DE VAZQUEZ PALLARES,15,C_PT_PVEM_MORENA,YOLANDA PATRICIA  MENDOZA  BARAJAS,.
1115,16015,16015,COALCOMAN DE VAZQUEZ PALLARES,15,C_PT_MORENA,YOLANDA PATRICIA  MENDOZA  BARAJAS,.
1116,16015,16015,COALCOMAN DE VAZQUEZ PALLARES,15,C_PAN_PRI,MARIA ROSARIO CONTRERAS NIEBLAS,.
1117,16015,16015,COALCOMAN DE VAZQUEZ PALLARES,15,C_PRD_PESM,RAFAEL SAUCEDO SANTANA,.
393,16016,16016,COENEO,16,PAN,YUNUEN RAMIREZ GUZMAN,X
394,16016,16016,COENEO,16,PRI,YUNUEN RAMIREZ GUZMAN,.
395,16016,16016,COENEO,16,PRD,ARIEL TRUJILLO CORDOVA,.
396,16016,16016,COENEO,16,PT,VALERIA AGUILAR JUAREZ,.
397,16016,16016,COENEO,16,PVEM,VALERIA AGUILAR JUAREZ,.
398,16016,16016,COENEO,16,MC,DANIEL ALANIS VALENCIA,.
399,16016,16016,COENEO,16,MORENA,VALERIA AGUILAR JUAREZ,.
400,16016,16016,COENEO,16,C_PT_PVEM_MORENA,VALERIA AGUILAR JUAREZ,.
401,16016,16016,COENEO,16,C_PT_MORENA,VALERIA AGUILAR JUAREZ,.
402,16016,16016,COENEO,16,C_PAN_PRI,YUNUEN RAMIREZ GUZMAN,.
229,16017,16017,CONTEPEC,17,PAN,RUBEN RODRIGUEZ JIMENEZ,X
230,16017,16017,CONTEPEC,17,PRI,RUBEN RODRIGUEZ JIMENEZ,.
231,16017,16017,CONTEPEC,17,PRD,RUBEN RODRIGUEZ JIMENEZ,.
232,16017,16017,CONTEPEC,17,PT,EDUARDO MARTINEZ GUZMAN,.
233,16017,16017,CONTEPEC,17,PVEM,EDUARDO MARTINEZ GUZMAN,.
234,16017,16017,CONTEPEC,17,MORENA,EDUARDO MARTINEZ GUZMAN,.
235,16017,16017,CONTEPEC,17,PESM,JUAN CRUZ ARGUETA,.
236,16017,16017,CONTEPEC,17,PMM,MARIA ESTHER ARGUETA COLIN,.
237,16017,16017,CONTEPEC,17,TXM,JOSEFINA MIRANDA MARTINEZ,.
238,16017,16017,CONTEPEC,17,C_PT_PVEM_MORENA,EDUARDO MARTINEZ GUZMAN,.
239,16017,16017,CONTEPEC,17,C_PT_MORENA,EDUARDO MARTINEZ GUZMAN,.
240,16017,16017,CONTEPEC,17,C_PAN_PRI_PRD,RUBEN RODRIGUEZ JIMENEZ,.
241,16017,16017,CONTEPEC,17,C_PAN_PRI,RUBEN RODRIGUEZ JIMENEZ,.
242,16017,16017,CONTEPEC,17,C_PRI_PRD,RUBEN RODRIGUEZ JIMENEZ,.
100,16018,16018,COPANDARO,18,PRI,DAVID GARCIA GARCIA,X
101,16018,16018,COPANDARO,18,PRD,DAVID GARCIA GARCIA,.
102,16018,16018,COPANDARO,18,PT,MIRNA VIOLETA ACOSTA TENA,.
103,16018,16018,COPANDARO,18,PVEM,MIRNA VIOLETA ACOSTA TENA,.
104,16018,16018,COPANDARO,18,MC,MARIA GRISELDA TENA HERNANDEZ,.
105,16018,16018,COPANDARO,18,MORENA,MIRNA VIOLETA ACOSTA TENA,.
106,16018,16018,COPANDARO,18,C_PT_PVEM_MORENA,MIRNA VIOLETA ACOSTA TENA,.
107,16018,16018,COPANDARO,18,C_PT_MORENA,MIRNA VIOLETA ACOSTA TENA,.
108,16018,16018,COPANDARO,18,C_PRI_PRD,DAVID GARCIA GARCIA,.
605,16019,16019,COTIJA,19,PAN,JUAN PABLO AGUILAR BARRAGAN,X
606,16019,16019,COTIJA,19,PRI,JUAN PABLO AGUILAR BARRAGAN,.
607,16019,16019,COTIJA,19,PRD,AURELIO SANTOS CONTRERAS,.
608,16019,16019,COTIJA,19,PT,ESTRELLA MENDOZA MENDEZ,.
609,16019,16019,COTIJA,19,PVEM,ESTRELLA MENDOZA MENDEZ,.
610,16019,16019,COTIJA,19,MC,HECTOR GABRIEL ORTIZ ACEVES,.
611,16019,16019,COTIJA,19,MORENA,ESTRELLA MENDOZA MENDEZ,.
612,16019,16019,COTIJA,19,TXM,LUZ MARIA CONCEPCION REYES PULIDO,.
613,16019,16019,COTIJA,19,C_PT_PVEM_MORENA,ESTRELLA MENDOZA MENDEZ,.
614,16019,16019,COTIJA,19,C_PT_MORENA,ESTRELLA MENDOZA MENDEZ,.
615,16019,16019,COTIJA,19,C_PAN_PRI,JUAN PABLO AGUILAR BARRAGAN,.
551,16020,16020,CUITZEO,20,PAN,FERNANDO ALVARADO RANGEL,X
552,16020,16020,CUITZEO,20,PRI,MA. GUADALUPE  CHAVEZ NAMBO,.
553,16020,16020,CUITZEO,20,PRD,MA. GUADALUPE  CHAVEZ NAMBO,.
554,16020,16020,CUITZEO,20,PT,ROSA ELIA MILAN PINTOR,.
555,16020,16020,CUITZEO,20,PVEM,ROSA ELIA MILAN PINTOR,.
556,16020,16020,CUITZEO,20,MC,NANTZY GASPAR ONOFRE,.
557,16020,16020,CUITZEO,20,MORENA,ROSA ELIA MILAN PINTOR,.
558,16020,16020,CUITZEO,20,PESM,EUTIQUIO CAMARENA DURAN,.
559,16020,16020,CUITZEO,20,PMM,SOLEDAD DEL SOCORRO CORNEJO NUÑEZ,.
560,16020,16020,CUITZEO,20,MICH1,CRISTHIAN ESTEFANY GOMEZ GOMEZ,.
561,16020,16020,CUITZEO,20,TXM,AGUSTIN ANDRADE IBARRA,.
562,16020,16020,CUITZEO,20,C_PT_PVEM_MORENA,ROSA ELIA MILAN PINTOR,.
563,16020,16020,CUITZEO,20,C_PT_MORENA,ROSA ELIA MILAN PINTOR,.
564,16020,16020,CUITZEO,20,C_PRI_PRD,MA. GUADALUPE  CHAVEZ NAMBO,.
403,16021,16021,CHARAPAN,21,PRI,MARIA DE LOURDES GALINDO VALLEJO,X
404,16021,16021,CHARAPAN,21,PRD,RUBEN  TORRES  GARCIA,.
405,16021,16021,CHARAPAN,21,PT,MARIA REFUGIO CHURAPE ALVAREZ,.
406,16021,16021,CHARAPAN,21,PVEM,MARIA REFUGIO CHURAPE ALVAREZ,.
407,16021,16021,CHARAPAN,21,MORENA,MARIA REFUGIO CHURAPE ALVAREZ,.
408,16021,16021,CHARAPAN,21,PESM,RAUL HERNANDEZ RODRIGUEZ,.
409,16021,16021,CHARAPAN,21,PMM,ALFREDO ACHA PALOMARES,.
410,16021,16021,CHARAPAN,21,MICH1,EDUARDO RODRIGUEZ LEONARDO,.
411,16021,16021,CHARAPAN,21,TXM,ANA LILIA SANTIAGO  MARTINEZ,.
412,16021,16021,CHARAPAN,21,C_PT_PVEM_MORENA,MARIA REFUGIO CHURAPE ALVAREZ,.
413,16021,16021,CHARAPAN,21,C_PT_MORENA,MARIA REFUGIO CHURAPE ALVAREZ,.
565,16022,16022,CHARO,22,PAN,ARMANDO PAEZ PILLE,X
566,16022,16022,CHARO,22,PRI,ARMANDO PAEZ PILLE,.
567,16022,16022,CHARO,22,PRD,ARMANDO PAEZ PILLE,.
568,16022,16022,CHARO,22,PT,LENIN LOPEZ GARCIA,.
569,16022,16022,CHARO,22,PVEM,LENIN LOPEZ GARCIA,.
570,16022,16022,CHARO,22,MC,JUAN GABRIEL MOLINERO VILLASEÑOR,.
571,16022,16022,CHARO,22,MORENA,LENIN LOPEZ GARCIA,.
572,16022,16022,CHARO,22,PMM,MARIA DE LOURDES ALVAREZ ARREOLA,.
573,16022,16022,CHARO,22,TXM,YOLANDA SONATO SALDAÑA,.
574,16022,16022,CHARO,22,CAND_IND_1,SALVADOR CORTES ESPINDOLA,.
575,16022,16022,CHARO,22,C_PT_PVEM_MORENA,LENIN LOPEZ GARCIA,.
576,16022,16022,CHARO,22,C_PT_MORENA,LENIN LOPEZ GARCIA,.
577,16022,16022,CHARO,22,C_PAN_PRI_PRD,ARMANDO PAEZ PILLE,.
578,16022,16022,CHARO,22,C_PAN_PRI,ARMANDO PAEZ PILLE,.
579,16022,16022,CHARO,22,C_PRI_PRD,ARMANDO PAEZ PILLE,.
616,16023,16023,CHAVINDA,23,PAN,JOSE LUIS CASTILLO GARCIA,X
617,16023,16023,CHAVINDA,23,PRI,JESUS RAMIREZ HERNANDEZ,.
618,16023,16023,CHAVINDA,23,PRD,JESUS RAMIREZ HERNANDEZ,.
619,16023,16023,CHAVINDA,23,PT,ALEJANDRA RODRIGUEZ RODRIGUEZ,.
620,16023,16023,CHAVINDA,23,PVEM,LILIA  CUEVAS HERNANDEZ,.
621,16023,16023,CHAVINDA,23,MC,ARMANDO PEREZ MENDOZA,.
622,16023,16023,CHAVINDA,23,MORENA,JAIME SILVA GIL,.
623,16023,16023,CHAVINDA,23,PESM,ARIANA LIZBETH FLORES ALEJANDRE,.
624,16023,16023,CHAVINDA,23,C_PRI_PRD,JESUS RAMIREZ HERNANDEZ,.
414,16025,16025,CHILCHOTA,25,PAN,RAFAEL SILVERIO LOPEZ,X
415,16025,16025,CHILCHOTA,25,PRI,ROSA MARIA MEDINA RODRIGUEZ,.
416,16025,16025,CHILCHOTA,25,PRD,MIGUEL ANGEL RAMOS ALEJO,.
417,16025,16025,CHILCHOTA,25,PT,ALEJANDRA ORTIZ SUAREZ,.
418,16025,16025,CHILCHOTA,25,PVEM,ALEJANDRA ORTIZ SUAREZ,.
419,16025,16025,CHILCHOTA,25,MC,ADRIANA MENDEZ GALLEGOS,.
420,16025,16025,CHILCHOTA,25,MORENA,ALEJANDRA ORTIZ SUAREZ,.
421,16025,16025,CHILCHOTA,25,PESM,JAVIER ALVAREZ MAGAÑA,.
422,16025,16025,CHILCHOTA,25,PMM,ELISEO VELAZQUEZ PAQUE,.
423,16025,16025,CHILCHOTA,25,TXM,JESUS ANTONIO DUARTE VAZQUEZ,.
424,16025,16025,CHILCHOTA,25,C_PT_PVEM_MORENA,ALEJANDRA ORTIZ SUAREZ,.
425,16025,16025,CHILCHOTA,25,C_PT_MORENA,ALEJANDRA ORTIZ SUAREZ,.
1118,16026,16026,CHINICUILA,26,PAN,RICARDO LARIOS OSEGUERA,X
1119,16026,16026,CHINICUILA,26,PRI,RICARDO LARIOS OSEGUERA,.
1120,16026,16026,CHINICUILA,26,PRD,RICARDO LARIOS OSEGUERA,.
1121,16026,16026,CHINICUILA,26,PT,JUSTO HUMBERTO VIRGEN CERRILLOS,.
1122,16026,16026,CHINICUILA,26,PVEM,JUSTO HUMBERTO VIRGEN CERRILLOS,.
1123,16026,16026,CHINICUILA,26,MORENA,JUSTO HUMBERTO VIRGEN CERRILLOS,.
1124,16026,16026,CHINICUILA,26,PESM,RUBEN DARIO LARIOS GARCIA,.
1125,16026,16026,CHINICUILA,26,CAND_IND_1,SIN CANDIDATURA,.
1126,16026,16026,CHINICUILA,26,C_PT_PVEM_MORENA,JUSTO HUMBERTO VIRGEN CERRILLOS,.
1127,16026,16026,CHINICUILA,26,C_PT_MORENA,JUSTO HUMBERTO VIRGEN CERRILLOS,.
1128,16026,16026,CHINICUILA,26,C_PAN_PRI_PRD,RICARDO LARIOS OSEGUERA,.
1129,16026,16026,CHINICUILA,26,C_PAN_PRI,RICARDO LARIOS OSEGUERA,.
1130,16026,16026,CHINICUILA,26,C_PRI_PRD,RICARDO LARIOS OSEGUERA,.
109,16027,16027,CHUCANDIRO,27,PAN,MARIO HERRERA SANCHEZ,X
110,16027,16027,CHUCANDIRO,27,PRI,MARIO HERRERA SANCHEZ,.
111,16027,16027,CHUCANDIRO,27,PRD,MARIO HERRERA SANCHEZ,.
112,16027,16027,CHUCANDIRO,27,PT,IVAN GUADALUPE  LOPEZ  COLIN,.
113,16027,16027,CHUCANDIRO,27,PVEM,IVAN GUADALUPE  LOPEZ  COLIN,.
114,16027,16027,CHUCANDIRO,27,MORENA,IVAN GUADALUPE  LOPEZ  COLIN,.
115,16027,16027,CHUCANDIRO,27,TXM,SIN CANDIDATURA,.
116,16027,16027,CHUCANDIRO,27,C_PT_PVEM_MORENA,IVAN GUADALUPE  LOPEZ  COLIN,.
117,16027,16027,CHUCANDIRO,27,C_PT_MORENA,IVAN GUADALUPE  LOPEZ  COLIN,.
118,16027,16027,CHUCANDIRO,27,C_PAN_PRI_PRD,MARIO HERRERA SANCHEZ,.
119,16027,16027,CHUCANDIRO,27,C_PAN_PRI,MARIO HERRERA SANCHEZ,.
120,16027,16027,CHUCANDIRO,27,C_PRI_PRD,MARIO HERRERA SANCHEZ,.
1,16028,16028,CHURINTZIO,28,PAN,FRANCISCO JAVIER PEREZ MALDONADO,X
2,16028,16028,CHURINTZIO,28,PRI,JUAN LUIS CONTRERAS CALDERON,.
3,16028,16028,CHURINTZIO,28,PRD,JUAN LUIS CONTRERAS CALDERON,.
4,16028,16028,CHURINTZIO,28,PT,ANGELA CASTILLO CORTES,.
5,16028,16028,CHURINTZIO,28,PVEM,ANGELA CASTILLO CORTES,.
6,16028,16028,CHURINTZIO,28,MORENA,ANGELA CASTILLO CORTES,.
7,16028,16028,CHURINTZIO,28,C_PT_PVEM_MORENA,ANGELA CASTILLO CORTES,.
8,16028,16028,CHURINTZIO,28,C_PT_MORENA,ANGELA CASTILLO CORTES,.
9,16028,16028,CHURINTZIO,28,C_PRI_PRD,JUAN LUIS CONTRERAS CALDERON,.
1166,16029,16029,CHURUMUCO,29,PAN,MA. JUDIT CHINO CAMACHO,X
1167,16029,16029,CHURUMUCO,29,PRI,MA. JUDIT CHINO CAMACHO,.
1168,16029,16029,CHURUMUCO,29,PRD,MA. JUDIT CHINO CAMACHO,.
1169,16029,16029,CHURUMUCO,29,PT,BRISEIDA GAONA ALVARADO,.
1170,16029,16029,CHURUMUCO,29,PVEM,BRISEIDA GAONA ALVARADO,.
1171,16029,16029,CHURUMUCO,29,MORENA,BRISEIDA GAONA ALVARADO,.
1172,16029,16029,CHURUMUCO,29,C_PT_PVEM_MORENA,BRISEIDA GAONA ALVARADO,.
1173,16029,16029,CHURUMUCO,29,C_PT_MORENA,BRISEIDA GAONA ALVARADO,.
1174,16029,16029,CHURUMUCO,29,C_PAN_PRI_PRD,MA. JUDIT CHINO CAMACHO,.
1175,16029,16029,CHURUMUCO,29,C_PAN_PRI,MA. JUDIT CHINO CAMACHO,.
1176,16029,16029,CHURUMUCO,29,C_PRI_PRD,MA. JUDIT CHINO CAMACHO,.
10,16030,16030,ECUANDUREO,30,PAN,JORGE LUIS ESTRADA GARIBAY,X
11,16030,16030,ECUANDUREO,30,PRI,JORGE LUIS ESTRADA GARIBAY,.
12,16030,16030,ECUANDUREO,30,PRD,JORGE LUIS ESTRADA GARIBAY,.
13,16030,16030,ECUANDUREO,30,PT,MONSERRAT RAMIREZ SUAREZ,.
14,16030,16030,ECUANDUREO,30,PVEM,MONSERRAT RAMIREZ SUAREZ,.
15,16030,16030,ECUANDUREO,30,MORENA,MONSERRAT RAMIREZ SUAREZ,.
16,16030,16030,ECUANDUREO,30,C_PT_PVEM_MORENA,MONSERRAT RAMIREZ SUAREZ,.
17,16030,16030,ECUANDUREO,30,C_PT_MORENA,MONSERRAT RAMIREZ SUAREZ,.
18,16030,16030,ECUANDUREO,30,C_PAN_PRI_PRD,JORGE LUIS ESTRADA GARIBAY,.
19,16030,16030,ECUANDUREO,30,C_PAN_PRI,JORGE LUIS ESTRADA GARIBAY,.
20,16030,16030,ECUANDUREO,30,C_PRI_PRD,JORGE LUIS ESTRADA GARIBAY,.
243,16031,16031,EPITACIO HUERTA,31,PAN,FRANCISCO MAYA MORALES,X
244,16031,16031,EPITACIO HUERTA,31,PRI,LEOPOLDO MORALES CORREA,.
245,16031,16031,EPITACIO HUERTA,31,PRD,SERAFIN CORREA LANDA,.
246,16031,16031,EPITACIO HUERTA,31,PT,MARIO RODRIGUEZ BARRIOS,.
247,16031,16031,EPITACIO HUERTA,31,PVEM,NANCY SANCHEZ SANCHEZ,.
248,16031,16031,EPITACIO HUERTA,31,MC,JUDITH GARCIA MORENO,.
249,16031,16031,EPITACIO HUERTA,31,MORENA,MARIA DE JESUS JUAREZ GARCIA,.
250,16031,16031,EPITACIO HUERTA,31,PESM,SERAFIN CORREA LANDA,.
251,16031,16031,EPITACIO HUERTA,31,TXM,GREYCE ALEXIA RIVERA LEON,.
252,16031,16031,EPITACIO HUERTA,31,C_PRD_PESM,SERAFIN CORREA LANDA,.
426,16032,16032,ERONGARICUARO,32,PRI,LILIANA CAMPOS DE LA LUZ,X
427,16032,16032,ERONGARICUARO,32,PRD,LILIANA CAMPOS DE LA LUZ,.
428,16032,16032,ERONGARICUARO,32,PT,CLAUDIA FLORES ESCAMILLA,.
429,16032,16032,ERONGARICUARO,32,PVEM,CLAUDIA FLORES ESCAMILLA,.
430,16032,16032,ERONGARICUARO,32,MORENA,JUAN CALDERON CASTILLEJO,.
431,16032,16032,ERONGARICUARO,32,PESM,EVERARDO JOSE ALBERTO CORTES,.
432,16032,16032,ERONGARICUARO,32,C_PT_PVEM,CLAUDIA FLORES ESCAMILLA,.
433,16032,16032,ERONGARICUARO,32,C_PRI_PRD,LILIANA CAMPOS DE LA LUZ,.
1177,16033,16033,GABRIEL ZAMORA,33,PAN,GABINA VILLANUEVA RODRIGUEZ,X
1178,16033,16033,GABRIEL ZAMORA,33,PRI,ALICIA AGUILERA PINEDA,.
1179,16033,16033,GABRIEL ZAMORA,33,PRD,ALICIA AGUILERA PINEDA,.
1180,16033,16033,GABRIEL ZAMORA,33,PT,VILMA YESENIA MALDONADO CORREA,.
1181,16033,16033,GABRIEL ZAMORA,33,PVEM,VILMA YESENIA MALDONADO CORREA,.
1182,16033,16033,GABRIEL ZAMORA,33,MC,MARIELA CHAVEZ VILLANUEVA,.
1183,16033,16033,GABRIEL ZAMORA,33,MORENA,VILMA YESENIA MALDONADO CORREA,.
1184,16033,16033,GABRIEL ZAMORA,33,PESM,MA DE LOURDES SANCHEZ MARQUEZ,.
1185,16033,16033,GABRIEL ZAMORA,33,PMM,SALUD PILAR FLORES VAZQUEZ,.
1186,16033,16033,GABRIEL ZAMORA,33,C_PT_PVEM_MORENA,VILMA YESENIA MALDONADO CORREA,.
1187,16033,16033,GABRIEL ZAMORA,33,C_PT_MORENA,VILMA YESENIA MALDONADO CORREA,.
1188,16033,16033,GABRIEL ZAMORA,33,C_PRI_PRD,ALICIA AGUILERA PINEDA,.
690,16034,16034,HIDALGO,34,PAN,JEOVANA MARIELA ALCANTAR BACA,X
691,16034,16034,HIDALGO,34,PRI,JEOVANA MARIELA ALCANTAR BACA,.
692,16034,16034,HIDALGO,34,PRD,JEOVANA MARIELA ALCANTAR BACA,.
693,16034,16034,HIDALGO,34,PT,LUIS GILDARDO LOPEZ BERNAL,.
694,16034,16034,HIDALGO,34,PVEM,LUIS GILDARDO LOPEZ BERNAL,.
695,16034,16034,HIDALGO,34,MC,OMAR BLADIMIR PONCE PEREZ,.
696,16034,16034,HIDALGO,34,MORENA,JOSE TRINIDAD LARA LOPEZ,.
697,16034,16034,HIDALGO,34,PESM,SANDRA  HERNANDEZ  ALVARADO,.
698,16034,16034,HIDALGO,34,C_PT_PVEM,LUIS GILDARDO LOPEZ BERNAL,.
699,16034,16034,HIDALGO,34,C_PAN_PRI_PRD,JEOVANA MARIELA ALCANTAR BACA,.
700,16034,16034,HIDALGO,34,C_PAN_PRI,JEOVANA MARIELA ALCANTAR BACA,.
701,16034,16034,HIDALGO,34,C_PRI_PRD,JEOVANA MARIELA ALCANTAR BACA,.
1189,16035,16035,HUACANA--LA,35,PAN,ANA JUDITH GALLARDO FERREIRA,X
1190,16035,16035,HUACANA--LA,35,PRI,ANA JUDITH GALLARDO FERREIRA,.
1191,16035,16035,HUACANA--LA,35,PRD,ANA JUDITH GALLARDO FERREIRA,.
1192,16035,16035,HUACANA--LA,35,PT,YARITZA ROSAS GAONA,.
1193,16035,16035,HUACANA--LA,35,PVEM,YARITZA ROSAS GAONA,.
1194,16035,16035,HUACANA--LA,35,MORENA,YARITZA ROSAS GAONA,.
1195,16035,16035,HUACANA--LA,35,PESM,SANTIAGO RUIZ OROZCO,.
1196,16035,16035,HUACANA--LA,35,C_PT_PVEM_MORENA,YARITZA ROSAS GAONA,.
1197,16035,16035,HUACANA--LA,35,C_PT_MORENA,YARITZA ROSAS GAONA,.
1198,16035,16035,HUACANA--LA,35,C_PAN_PRI_PRD,ANA JUDITH GALLARDO FERREIRA,.
1199,16035,16035,HUACANA--LA,35,C_PAN_PRI,ANA JUDITH GALLARDO FERREIRA,.
1200,16035,16035,HUACANA--LA,35,C_PRI_PRD,ANA JUDITH GALLARDO FERREIRA,.
121,16036,16036,HUANDACAREO,36,PAN,ALMA ROSA CALDERON GABRIEL,X
122,16036,16036,HUANDACAREO,36,PRI,ALMA ROSA CALDERON GABRIEL,.
123,16036,16036,HUANDACAREO,36,PRD,HUMBERTO GONZALEZ VILLAGOMEZ,.
124,16036,16036,HUANDACAREO,36,PT,PEDRO ALEXIS VELAZQUEZ GUZMAN,.
125,16036,16036,HUANDACAREO,36,PVEM,PEDRO ALEXIS VELAZQUEZ GUZMAN,.
126,16036,16036,HUANDACAREO,36,MC,JOSE ALONSO GABRIEL FROYLAN,.
127,16036,16036,HUANDACAREO,36,MORENA,PEDRO ALEXIS VELAZQUEZ GUZMAN,.
128,16036,16036,HUANDACAREO,36,PESM,HUMBERTO GONZALEZ VILLAGOMEZ,.
129,16036,16036,HUANDACAREO,36,PMM,RENE LORENZO MARTINEZ MEJIA,.
130,16036,16036,HUANDACAREO,36,C_PT_PVEM_MORENA,PEDRO ALEXIS VELAZQUEZ GUZMAN,.
131,16036,16036,HUANDACAREO,36,C_PT_MORENA,PEDRO ALEXIS VELAZQUEZ GUZMAN,.
132,16036,16036,HUANDACAREO,36,C_PAN_PRI,ALMA ROSA CALDERON GABRIEL,.
133,16036,16036,HUANDACAREO,36,C_PRD_PESM,HUMBERTO GONZALEZ VILLAGOMEZ,.
134,16037,16037,HUANIQUEO,37,PAN,ELIDA  RANGEL FERREIRA,X
135,16037,16037,HUANIQUEO,37,PRI,ELIDA  RANGEL FERREIRA,.
136,16037,16037,HUANIQUEO,37,PRD,RAMON CARRANZA GARCIA,.
137,16037,16037,HUANIQUEO,37,PT,VICTORIA RIVERO MARTINEZ,.
138,16037,16037,HUANIQUEO,37,PVEM,OMAR JACINTO RODRIGUEZ,.
139,16037,16037,HUANIQUEO,37,MC,MARIA EUGENIA ROSAS GONZALEZ,.
140,16037,16037,HUANIQUEO,37,MORENA,HERIBERTO AMBRIS TOVAR,.
141,16037,16037,HUANIQUEO,37,PESM,ALEJANDRA LOPEZ SALINAS,.
142,16037,16037,HUANIQUEO,37,PMM,ANABEL RODRIGUEZ RIVERA,.
143,16037,16037,HUANIQUEO,37,TXM,SERGIO VELAZQUEZ DE LA LUZ,.
144,16037,16037,HUANIQUEO,37,C_PAN_PRI,ELIDA  RANGEL FERREIRA,.
896,16038,16038,HUETAMO,38,PRI,CUITLAHUAC SANTOS SIERRA,X
897,16038,16038,HUETAMO,38,PRD,PABLO VARONA ESTRADA,.
898,16038,16038,HUETAMO,38,PT,HECTOR MIGUEL MORENO ARZATE,.
899,16038,16038,HUETAMO,38,PVEM,HECTOR MIGUEL MORENO ARZATE,.
900,16038,16038,HUETAMO,38,MC,JOSE GUADALUPE DE LOS SANTOS BETANCOURT,.
901,16038,16038,HUETAMO,38,MORENA,HECTOR MIGUEL MORENO ARZATE,.
902,16038,16038,HUETAMO,38,PESM,PABLO VARONA ESTRADA,.
903,16038,16038,HUETAMO,38,PMM,ADARELY LOPEZ PEREZ,.
904,16038,16038,HUETAMO,38,C_PT_PVEM_MORENA,HECTOR MIGUEL MORENO ARZATE,.
905,16038,16038,HUETAMO,38,C_PT_MORENA,HECTOR MIGUEL MORENO ARZATE,.
906,16038,16038,HUETAMO,38,C_PRD_PESM,PABLO VARONA ESTRADA,.
805,16039,16039,HUIRAMBA,39,PAN,MARIA FERNANDA LOPEZ ZAVALA,X
806,16039,16039,HUIRAMBA,39,PRI,MARIA ROCIO DOMINGUEZ NAMBO,.
807,16039,16039,HUIRAMBA,39,PRD,MARIA ROCIO DOMINGUEZ NAMBO,.
808,16039,16039,HUIRAMBA,39,PT,JOSE HUMBERTO GARCIA DOMINGUEZ,.
809,16039,16039,HUIRAMBA,39,PVEM,SIN CANDIDATURA,.
810,16039,16039,HUIRAMBA,39,MC,PERLA MARYPAZ DURAN VARGAS,.
811,16039,16039,HUIRAMBA,39,MORENA,GRISELDA BARRIENTOS FLORES,.
812,16039,16039,HUIRAMBA,39,PESM,JOSE HUMBERTO GARCIA DOMINGUEZ,.
813,16039,16039,HUIRAMBA,39,PMM,ALFONSO SERNA MARTINEZ,.
814,16039,16039,HUIRAMBA,39,MICH1,MARIA GUADALUPE VARGAS RAMIREZ,.
815,16039,16039,HUIRAMBA,39,TXM,LUCINA VELAZQUEZ VELAZQUEZ,.
816,16039,16039,HUIRAMBA,39,C_PRI_PRD,MARIA ROCIO DOMINGUEZ NAMBO,.
817,16039,16039,HUIRAMBA,39,C_PT_PESM,JOSE HUMBERTO GARCIA DOMINGUEZ,.
702,16040,16040,INDAPARAPEO,40,PAN,JANITZIO ZAVALA VEGA,X
703,16040,16040,INDAPARAPEO,40,PRI,JANITZIO ZAVALA VEGA,.
704,16040,16040,INDAPARAPEO,40,PRD,JANITZIO ZAVALA VEGA,.
705,16040,16040,INDAPARAPEO,40,PT,ERICK MAGAÑA GARCIDUEÑAS,.
706,16040,16040,INDAPARAPEO,40,PVEM,ERICK MAGAÑA GARCIDUEÑAS,.
707,16040,16040,INDAPARAPEO,40,MORENA,ERICK MAGAÑA GARCIDUEÑAS,.
708,16040,16040,INDAPARAPEO,40,PESM,FERNANDO MARTINEZ POZOS,.
709,16040,16040,INDAPARAPEO,40,TXM,DAVID ALEJANDRO CEBALLOS ORTIZ,.
710,16040,16040,INDAPARAPEO,40,C_PT_PVEM_MORENA,ERICK MAGAÑA GARCIDUEÑAS,.
711,16040,16040,INDAPARAPEO,40,C_PT_MORENA,ERICK MAGAÑA GARCIDUEÑAS,.
712,16040,16040,INDAPARAPEO,40,C_PAN_PRI_PRD,JANITZIO ZAVALA VEGA,.
713,16040,16040,INDAPARAPEO,40,C_PAN_PRI,JANITZIO ZAVALA VEGA,.
714,16040,16040,INDAPARAPEO,40,C_PRI_PRD,JANITZIO ZAVALA VEGA,.
253,16041,16041,IRIMBO,41,PAN,FERNANDO PALOMINO ANDRADE,X
254,16041,16041,IRIMBO,41,PRI,FERNANDO PALOMINO ANDRADE,.
255,16041,16041,IRIMBO,41,PRD,AZUCENA RUIZ ALANIS,.
256,16041,16041,IRIMBO,41,PT,ALINA GUADALUPE CORREA TERRAZAS,.
257,16041,16041,IRIMBO,41,PVEM,ALINA GUADALUPE CORREA TERRAZAS,.
258,16041,16041,IRIMBO,41,MORENA,ALINA GUADALUPE CORREA TERRAZAS,.
259,16041,16041,IRIMBO,41,PESM,MARIA LUISA RUIZ RUIZ,.
260,16041,16041,IRIMBO,41,TXM,MANUEL HERNANDEZ HERNANDEZ,.
261,16041,16041,IRIMBO,41,C_PT_PVEM_MORENA,ALINA GUADALUPE CORREA TERRAZAS,.
262,16041,16041,IRIMBO,41,C_PT_PVEM,ALINA GUADALUPE CORREA TERRAZAS,.
263,16041,16041,IRIMBO,41,C_PT_MORENA,ALINA GUADALUPE CORREA TERRAZAS,.
264,16041,16041,IRIMBO,41,C_PVEM_MORENA,ALINA GUADALUPE CORREA TERRAZAS,.
265,16041,16041,IRIMBO,41,C_PAN_PRI,FERNANDO PALOMINO ANDRADE,.
21,16042,16042,IXTLAN,42,PAN,CESAR ENOC TAMAYO HERRERA,X
22,16042,16042,IXTLAN,42,PRI,CESAR ENOC TAMAYO HERRERA,.
23,16042,16042,IXTLAN,42,PRD,ANGEL RAFAEL MACIAS MORA,.
24,16042,16042,IXTLAN,42,PT,MOISES GIL RAMIREZ,.
25,16042,16042,IXTLAN,42,PVEM,MOISES GIL RAMIREZ,.
26,16042,16042,IXTLAN,42,MORENA,MOISES GIL RAMIREZ,.
27,16042,16042,IXTLAN,42,PESM,ANGEL RAFAEL MACIAS MORA,.
28,16042,16042,IXTLAN,42,C_PT_PVEM_MORENA,MOISES GIL RAMIREZ,.
29,16042,16042,IXTLAN,42,C_PT_MORENA,MOISES GIL RAMIREZ,.
30,16042,16042,IXTLAN,42,C_PAN_PRI,CESAR ENOC TAMAYO HERRERA,.
31,16042,16042,IXTLAN,42,C_PRD_PESM,ANGEL RAFAEL MACIAS MORA,.
483,16043,16043,JACONA,43,PAN,JOSE DOMINGO MENDEZ GAYTAN,X
484,16043,16043,JACONA,43,PRI,JOSE DOMINGO MENDEZ GAYTAN,.
485,16043,16043,JACONA,43,PRD,GUILLERMO ZARAGOZA CARRILLO,.
486,16043,16043,JACONA,43,PT,ISIDORO MOSQUEDA ESTRADA,.
487,16043,16043,JACONA,43,PVEM,ISIDORO MOSQUEDA ESTRADA,.
488,16043,16043,JACONA,43,MC,HECTOR FRANKY TEHANDON HERNANDEZ,.
489,16043,16043,JACONA,43,MORENA,ISIDORO MOSQUEDA ESTRADA,.
490,16043,16043,JACONA,43,PESM,MARIO CASTRO RIVERA,.
491,16043,16043,JACONA,43,PMM,FRANCISCO JAVIER HERRERA ESCOBAR,.
492,16043,16043,JACONA,43,TXM,YULIANA MIRANDA SANDOVAL,.
493,16043,16043,JACONA,43,C_PT_PVEM_MORENA,ISIDORO MOSQUEDA ESTRADA,.
494,16043,16043,JACONA,43,C_PT_MORENA,ISIDORO MOSQUEDA ESTRADA,.
495,16043,16043,JACONA,43,C_PAN_PRI,JOSE DOMINGO MENDEZ GAYTAN,.
145,16044,16044,JIMENEZ,44,PAN,CLAUDIA GRISELLE SANHUA PEREZ,X
146,16044,16044,JIMENEZ,44,PRI,CLAUDIA GRISELLE SANHUA PEREZ,.
147,16044,16044,JIMENEZ,44,PRD,CLAUDIA GRISELLE SANHUA PEREZ,.
148,16044,16044,JIMENEZ,44,PT,MARIA MUÑOZ LEDO VIVEROS,.
149,16044,16044,JIMENEZ,44,PVEM,MARIA MUÑOZ LEDO VIVEROS,.
150,16044,16044,JIMENEZ,44,MC,ARTURO LEON BALVANERA,.
151,16044,16044,JIMENEZ,44,MORENA,MARIA MUÑOZ LEDO VIVEROS,.
152,16044,16044,JIMENEZ,44,PMM,MARIA DEL SOCORRO CARRANZA HERNANDEZ,.
153,16044,16044,JIMENEZ,44,MICH1,YURITCY RAMIREZ MARTINEZ,.
154,16044,16044,JIMENEZ,44,C_PT_PVEM_MORENA,MARIA MUÑOZ LEDO VIVEROS,.
155,16044,16044,JIMENEZ,44,C_PT_MORENA,MARIA MUÑOZ LEDO VIVEROS,.
156,16044,16044,JIMENEZ,44,C_PAN_PRI_PRD,CLAUDIA GRISELLE SANHUA PEREZ,.
157,16044,16044,JIMENEZ,44,C_PAN_PRI,CLAUDIA GRISELLE SANHUA PEREZ,.
158,16044,16044,JIMENEZ,44,C_PRI_PRD,CLAUDIA GRISELLE SANHUA PEREZ,.
310,16045,16045,JIQUILPAN,45,PAN,JOSE ARNULFO SANCHEZ QUIROZ,X
311,16045,16045,JIQUILPAN,45,PRI,MARIO HUMBERTO BUSTAMANTE AYALA,.
312,16045,16045,JIQUILPAN,45,PRD,GERARDO OLLOQUI ESTRADA,.
313,16045,16045,JIQUILPAN,45,PT,MARIA FERNANDA ALVAREZ MENDOZA,.
314,16045,16045,JIQUILPAN,45,PVEM,MARIA FERNANDA ALVAREZ MENDOZA,.
315,16045,16045,JIQUILPAN,45,MC,JOSE ELIAS BARAJAS BAUTISTA,.
316,16045,16045,JIQUILPAN,45,MORENA,MARIA FERNANDA ALVAREZ MENDOZA,.
317,16045,16045,JIQUILPAN,45,PESM,MARIO MARQUEZ BAUTISTA,.
318,16045,16045,JIQUILPAN,45,C_PT_PVEM_MORENA,MARIA FERNANDA ALVAREZ MENDOZA,.
319,16045,16045,JIQUILPAN,45,C_PT_MORENA,MARIA FERNANDA ALVAREZ MENDOZA,.
907,16047,16046,JUAREZ,47,PAN,NARIN SANCHEZ PEREZ,X
908,16047,16046,JUAREZ,47,PRI,NARIN SANCHEZ PEREZ,.
909,16047,16046,JUAREZ,47,PRD,NARIN SANCHEZ PEREZ,.
910,16047,16046,JUAREZ,47,PT,MA DE LOURDES ROMAN GOMEZ,.
911,16047,16046,JUAREZ,47,PVEM,MA DE LOURDES ROMAN GOMEZ,.
912,16047,16046,JUAREZ,47,MC,ARTURO VALLE ESPINOZA,.
913,16047,16046,JUAREZ,47,MORENA,MA DE LOURDES ROMAN GOMEZ,.
914,16047,16046,JUAREZ,47,PESM,JULIO ROSAS CISNEROS,.
915,16047,16046,JUAREZ,47,MICH1,IRMA GARNICA VELAZQUEZ,.
916,16047,16046,JUAREZ,47,TXM,ISMAEL ARRIAGA ORTIZ,.
917,16047,16046,JUAREZ,47,C_PT_PVEM_MORENA,MA DE LOURDES ROMAN GOMEZ,.
918,16047,16046,JUAREZ,47,C_PT_MORENA,MA DE LOURDES ROMAN GOMEZ,.
919,16047,16046,JUAREZ,47,C_PAN_PRI_PRD,NARIN SANCHEZ PEREZ,.
920,16047,16046,JUAREZ,47,C_PAN_PRI,NARIN SANCHEZ PEREZ,.
921,16047,16046,JUAREZ,47,C_PRI_PRD,NARIN SANCHEZ PEREZ,.
922,16048,16047,JUNGAPEO,48,PAN,JOSE LUGO RODRIGUEZ,X
923,16048,16047,JUNGAPEO,48,PRI,JOSE LUGO RODRIGUEZ,.
924,16048,16047,JUNGAPEO,48,PRD,JOSE LUGO RODRIGUEZ,.
925,16048,16047,JUNGAPEO,48,PT,NORMA ANGELICA YAÑEZ SIERRA,.
926,16048,16047,JUNGAPEO,48,PVEM,NORMA ANGELICA YAÑEZ SIERRA,.
927,16048,16047,JUNGAPEO,48,MC,MARIA DEL CARMEN GONZALEZ BUENO,.
928,16048,16047,JUNGAPEO,48,MORENA,NORMA ANGELICA YAÑEZ SIERRA,.
929,16048,16047,JUNGAPEO,48,PESM,MATILDE MENDOZA CORIA,.
930,16048,16047,JUNGAPEO,48,TXM,SANDRA SOTO SORIA,.
931,16048,16047,JUNGAPEO,48,C_PT_PVEM_MORENA,NORMA ANGELICA YAÑEZ SIERRA,.
932,16048,16047,JUNGAPEO,48,C_PT_MORENA,NORMA ANGELICA YAÑEZ SIERRA,.
933,16048,16047,JUNGAPEO,48,C_PAN_PRI_PRD,JOSE LUGO RODRIGUEZ,.
934,16048,16047,JUNGAPEO,48,C_PAN_PRI,JOSE LUGO RODRIGUEZ,.
935,16048,16047,JUNGAPEO,48,C_PRI_PRD,JOSE LUGO RODRIGUEZ,.
818,16049,16048,LAGUNILLAS,49,PAN,GERARDO TOVAR CHAVEZ,X
819,16049,16048,LAGUNILLAS,49,PRI,MARIO CESAR OCHOA DOMINGUEZ,.
820,16049,16048,LAGUNILLAS,49,PRD,MARIO CESAR OCHOA DOMINGUEZ,.
821,16049,16048,LAGUNILLAS,49,PT,OCTAVIO CHAVEZ AGUIRRE,.
822,16049,16048,LAGUNILLAS,49,PVEM,MAYRA SUSANA ROJAS GARCIA,.
823,16049,16048,LAGUNILLAS,49,MC,MARTIN JUAREZ PIÑON,.
824,16049,16048,LAGUNILLAS,49,MORENA,MARICELA BARRERA SALINAS,.
825,16049,16048,LAGUNILLAS,49,PESM,OCTAVIO CHAVEZ AGUIRRE,.
826,16049,16048,LAGUNILLAS,49,MICH1,CESAR GARCIA JUAREZ,.
827,16049,16048,LAGUNILLAS,49,TXM,ALMA ROSA CORTEZ DURAN,.
828,16049,16048,LAGUNILLAS,49,C_PRI_PRD,MARIO CESAR OCHOA DOMINGUEZ,.
829,16049,16048,LAGUNILLAS,49,C_PT_PESM,OCTAVIO CHAVEZ AGUIRRE,.
1020,16051,16049,MADERO,51,PAN,OTONIEL SANCHEZ MENDEZ,X
1021,16051,16049,MADERO,51,PRI,OTONIEL SANCHEZ MENDEZ,.
1022,16051,16049,MADERO,51,PT,JUAN CARLOS GAMIÑO AVALOS,.
1023,16051,16049,MADERO,51,PVEM,JUAN CARLOS GAMIÑO AVALOS,.
1024,16051,16049,MADERO,51,MORENA,JUAN CARLOS GAMIÑO AVALOS,.
1025,16051,16049,MADERO,51,PMM,ROSALINA VILLA HERNANDEZ,.
1026,16051,16049,MADERO,51,TXM,ANA VICTORIA FABILA GOMEZ,.
1027,16051,16049,MADERO,51,C_PT_PVEM_MORENA,JUAN CARLOS GAMIÑO AVALOS,.
1028,16051,16049,MADERO,51,C_PT_MORENA,JUAN CARLOS GAMIÑO AVALOS,.
1029,16051,16049,MADERO,51,C_PAN_PRI,OTONIEL SANCHEZ MENDEZ,.
266,16052,16050,MARAVATIO,52,PRI,OSCAR VIDAL PEREZ ORTIZ,X
267,16052,16050,MARAVATIO,52,PRD,OSCAR VIDAL PEREZ ORTIZ,.
268,16052,16050,MARAVATIO,52,PT,MARIO PEREZ FLORES,.
269,16052,16050,MARAVATIO,52,PVEM,MARIO PEREZ FLORES,.
270,16052,16050,MARAVATIO,52,MC,LORENA CABRERA REYES,.
271,16052,16050,MARAVATIO,52,MORENA,MARIO PEREZ FLORES,.
272,16052,16050,MARAVATIO,52,PESM,JOSE LOPEZ GARCIA,.
273,16052,16050,MARAVATIO,52,TXM,ROBERTO REYES HERNANDEZ,.
274,16052,16050,MARAVATIO,52,C_PT_PVEM_MORENA,MARIO PEREZ FLORES,.
275,16052,16050,MARAVATIO,52,C_PT_MORENA,MARIO PEREZ FLORES,.
276,16052,16050,MARAVATIO,52,C_PRI_PRD,OSCAR VIDAL PEREZ ORTIZ,.
320,16053,16051,MARCOS CASTELLANOS,53,PAN,JORGE LUIS ANGUIANO PARTIDA,X
321,16053,16051,MARCOS CASTELLANOS,53,PRI,JORGE LUIS ANGUIANO PARTIDA,.
322,16053,16051,MARCOS CASTELLANOS,53,PRD,JORGE LUIS ANGUIANO PARTIDA,.
323,16053,16051,MARCOS CASTELLANOS,53,PT,RAQUEL GUILLEN FIGUEROA,.
324,16053,16051,MARCOS CASTELLANOS,53,PVEM,GERARDO JESUS GONZALEZ ZEPEDA,.
325,16053,16051,MARCOS CASTELLANOS,53,MORENA,RAQUEL GUILLEN FIGUEROA,.
326,16053,16051,MARCOS CASTELLANOS,53,PMM,FERNANDO OROZCO FONSECA,.
327,16053,16051,MARCOS CASTELLANOS,53,C_PT_MORENA,RAQUEL GUILLEN FIGUEROA,.
328,16053,16051,MARCOS CASTELLANOS,53,C_PAN_PRI_PRD,JORGE LUIS ANGUIANO PARTIDA,.
329,16053,16051,MARCOS CASTELLANOS,53,C_PAN_PRI,JORGE LUIS ANGUIANO PARTIDA,.
330,16053,16051,MARCOS CASTELLANOS,53,C_PRI_PRD,JORGE LUIS ANGUIANO PARTIDA,.
1297,16050,16052,LAZARO CARDENAS,50,PAN,GUILLERMO LOPEZ VILLALOBOS,X
1298,16050,16052,LAZARO CARDENAS,50,PRI,GUILLERMO LOPEZ VILLALOBOS,.
1299,16050,16052,LAZARO CARDENAS,50,PRD,GUILLERMO LOPEZ VILLALOBOS,.
1300,16050,16052,LAZARO CARDENAS,50,PT,MANUEL ESQUIVEL  BEJARANO,.
1301,16050,16052,LAZARO CARDENAS,50,PVEM,MANUEL ESQUIVEL  BEJARANO,.
1302,16050,16052,LAZARO CARDENAS,50,MC,BENJAMIN NAVA SANCHEZ,.
1303,16050,16052,LAZARO CARDENAS,50,MORENA,MANUEL ESQUIVEL  BEJARANO,.
1304,16050,16052,LAZARO CARDENAS,50,PESM,BENJAMIN RODRIGUEZ ALVAREZ,.
1305,16050,16052,LAZARO CARDENAS,50,PMM,OSWAL DE LA PEÑA ORTIZ,.
1306,16050,16052,LAZARO CARDENAS,50,TXM,SALATIEL NUÑEZ CRUZ,.
1307,16050,16052,LAZARO CARDENAS,50,C_PT_PVEM_MORENA,MANUEL ESQUIVEL  BEJARANO,.
1308,16050,16052,LAZARO CARDENAS,50,C_PT_MORENA,MANUEL ESQUIVEL  BEJARANO,.
1309,16050,16052,LAZARO CARDENAS,50,C_PAN_PRI_PRD,GUILLERMO LOPEZ VILLALOBOS,.
1310,16050,16052,LAZARO CARDENAS,50,C_PAN_PRI,GUILLERMO LOPEZ VILLALOBOS,.
1311,16050,16052,LAZARO CARDENAS,50,C_PRI_PRD,GUILLERMO LOPEZ VILLALOBOS,.
678,16054,16053,MORELIA,54,PAN,ALFONSO JESUS MARTINEZ ALCAZAR,X
679,16054,16053,MORELIA,54,PRI,RENE VALENCIA REYES,.
680,16054,16053,MORELIA,54,PRD,ALFONSO JESUS MARTINEZ ALCAZAR,.
681,16054,16053,MORELIA,54,PT,CARLOS TORRES PIÑA,.
682,16054,16053,MORELIA,54,PVEM,CARLOS TORRES PIÑA,.
683,16054,16053,MORELIA,54,MC,HECTOR AYALA MORALES,.
684,16054,16053,MORELIA,54,MORENA,CARLOS TORRES PIÑA,.
685,16054,16053,MORELIA,54,PESM,GILBERTO PIZARRO HERNANDEZ,.
686,16054,16053,MORELIA,54,TXM,MA GISELA VAZQUEZ ALANIS,.
687,16054,16053,MORELIA,54,C_PT_PVEM_MORENA,CARLOS TORRES PIÑA,.
688,16054,16053,MORELIA,54,C_PT_MORENA,CARLOS TORRES PIÑA,.
689,16054,16053,MORELIA,54,C_PAN_PRD,ALFONSO JESUS MARTINEZ ALCAZAR,.
174,16055,16054,MORELOS,55,PT,CELENE GUADALUPE GARCIA CORIA,X
175,16055,16054,MORELOS,55,PVEM,XOCHITL CAMPOS GONZALEZ,.
176,16055,16054,MORELOS,55,MC,JULIO CESAR CONEJO ALEJOS,.
177,16055,16054,MORELOS,55,MORENA,XOCHITL CAMPOS GONZALEZ,.
178,16055,16054,MORELOS,55,PESM,SIN CANDIDATURA,.
179,16055,16054,MORELOS,55,C_PVEM_MORENA,XOCHITL CAMPOS GONZALEZ,.
1201,16056,16055,MUGICA,56,PAN,MARIA GUADALUPE BARRIGA CORDOBA,X
1202,16056,16055,MUGICA,56,PRI,MARIA GUADALUPE BARRIGA CORDOBA,.
1203,16056,16055,MUGICA,56,PRD,MARIA GUADALUPE BARRIGA CORDOBA,.
1204,16056,16055,MUGICA,56,PT,JOSE ALFREDO RENTERIA PATIÑO,.
1205,16056,16055,MUGICA,56,PVEM,JOSE ALFREDO RENTERIA PATIÑO,.
1206,16056,16055,MUGICA,56,MORENA,JOSE ALFREDO RENTERIA PATIÑO,.
1207,16056,16055,MUGICA,56,PESM,LAURA JAZMIN ALTAMIRANO RAMIREZ,.
1208,16056,16055,MUGICA,56,C_PT_PVEM_MORENA,JOSE ALFREDO RENTERIA PATIÑO,.
1209,16056,16055,MUGICA,56,C_PT_MORENA,JOSE ALFREDO RENTERIA PATIÑO,.
1210,16056,16055,MUGICA,56,C_PAN_PRI_PRD,MARIA GUADALUPE BARRIGA CORDOBA,.
1211,16056,16055,MUGICA,56,C_PAN_PRI,MARIA GUADALUPE BARRIGA CORDOBA,.
1212,16056,16055,MUGICA,56,C_PRI_PRD,MARIA GUADALUPE BARRIGA CORDOBA,.
434,16057,16056,NAHUATZEN,57,PAN,ALFREDO MORALES DIEGO,X
435,16057,16056,NAHUATZEN,57,PRI,JUAN CARLOS ONCHI CASTILLO,.
436,16057,16056,NAHUATZEN,57,PRD,SERGIO ANTONIO PUNTOS MOLINA,.
437,16057,16056,NAHUATZEN,57,PT,FROYLAN ESPINO SANCHEZ,.
438,16057,16056,NAHUATZEN,57,PVEM,ANTONIO ACUCHI RODRIGUEZ,.
439,16057,16056,NAHUATZEN,57,MC,LUIS MANUEL CUYTUNY PINEDA,.
440,16057,16056,NAHUATZEN,57,MORENA,FROYLAN ESPINO SANCHEZ,.
441,16057,16056,NAHUATZEN,57,PESM,FRANCISCO HERNANDEZ MOLINA,.
442,16057,16056,NAHUATZEN,57,TXM,MARIA DE LOS ANGELES MEDINA ALVARADO,.
443,16057,16056,NAHUATZEN,57,C_PT_MORENA,FROYLAN ESPINO SANCHEZ,.
1030,16058,16057,NOCUPETARO,58,PRI,GONZALO NARES GOMEZ,X
1031,16058,16057,NOCUPETARO,58,PRD,SIN CANDIDATURA,.
1032,16058,16057,NOCUPETARO,58,PT,MA PAULA VARGAS ARANJO,.
1033,16058,16057,NOCUPETARO,58,PVEM,ARMANDO HUITRON AVILA,.
1034,16058,16057,NOCUPETARO,58,MC,MARIA LUISA AGUILAR BASTIDA,.
1035,16058,16057,NOCUPETARO,58,MORENA,MA PAULA VARGAS ARANJO,.
1036,16058,16057,NOCUPETARO,58,PESM,BRISA YOZABED ZARCO  GUTIERREZ,.
1037,16058,16057,NOCUPETARO,58,TXM,ARACELI ORTEGA  GAMIÑO,.
1038,16058,16057,NOCUPETARO,58,C_PT_MORENA,MA PAULA VARGAS ARANJO,.
775,16059,16058,NUEVO PARANGARICUTIRO,59,PAN,JESUS ANTONIO ESPINOZA ROCHIN,X
776,16059,16058,NUEVO PARANGARICUTIRO,59,PRI,JESUS ANTONIO ESPINOZA ROCHIN,.
777,16059,16058,NUEVO PARANGARICUTIRO,59,PRD,JESUS ANTONIO ESPINOZA ROCHIN,.
778,16059,16058,NUEVO PARANGARICUTIRO,59,PT,CRISTINA GUTIERREZ ORTIZ,.
779,16059,16058,NUEVO PARANGARICUTIRO,59,PVEM,BEATRIZ URIBE GARDUÑO,.
780,16059,16058,NUEVO PARANGARICUTIRO,59,MC,PAULA PASCUALA CAMPOVERDE ANGUIANO,.
781,16059,16058,NUEVO PARANGARICUTIRO,59,MORENA,MARGARITA TRUJILLO ELISEA,.
782,16059,16058,NUEVO PARANGARICUTIRO,59,PESM,CRISTINA GUTIERREZ ORTIZ,.
783,16059,16058,NUEVO PARANGARICUTIRO,59,PMM,ADELA RODRIGUEZ VARGAS,.
784,16059,16058,NUEVO PARANGARICUTIRO,59,C_PAN_PRI_PRD,JESUS ANTONIO ESPINOZA ROCHIN,.
785,16059,16058,NUEVO PARANGARICUTIRO,59,C_PAN_PRI,JESUS ANTONIO ESPINOZA ROCHIN,.
786,16059,16058,NUEVO PARANGARICUTIRO,59,C_PRI_PRD,JESUS ANTONIO ESPINOZA ROCHIN,.
787,16059,16058,NUEVO PARANGARICUTIRO,59,C_PT_PESM,CRISTINA GUTIERREZ ORTIZ,.
1213,16060,16059,NUEVO URECHO,60,PRI,JUAN CARLOS ALVAREZ CORNEJO,X
1214,16060,16059,NUEVO URECHO,60,PRD,JUAN CARLOS ALVAREZ CORNEJO,.
1215,16060,16059,NUEVO URECHO,60,PT,MARIA DEL CARMEN CARRILLO GAYTAN,.
1216,16060,16059,NUEVO URECHO,60,PVEM,MARIA DEL CARMEN CARRILLO GAYTAN,.
1217,16060,16059,NUEVO URECHO,60,MC,VICTOR MANUEL CARRILLO OCHOA,.
1218,16060,16059,NUEVO URECHO,60,MORENA,MARIA DEL CARMEN CARRILLO GAYTAN,.
1219,16060,16059,NUEVO URECHO,60,PESM,MARIA SALUD VALENCIA SOLIS,.
1220,16060,16059,NUEVO URECHO,60,PMM,MARIA CAMERINA RASO MURILLO,.
1221,16060,16059,NUEVO URECHO,60,C_PT_PVEM_MORENA,MARIA DEL CARMEN CARRILLO GAYTAN,.
1222,16060,16059,NUEVO URECHO,60,C_PT_MORENA,MARIA DEL CARMEN CARRILLO GAYTAN,.
1223,16060,16059,NUEVO URECHO,60,C_PRI_PRD,JUAN CARLOS ALVAREZ CORNEJO,.
32,16061,16060,NUMARAN,61,PAN,JOSE ANTONIO RAMIREZ TOVAR,X
33,16061,16060,NUMARAN,61,PRI,JOSE DIAZ CAMARENA,.
34,16061,16060,NUMARAN,61,PRD,HERIBERTO ROMO VARGAS,.
35,16061,16060,NUMARAN,61,PT,VICTOR CEVERO MADRIGAL ZARATE,.
36,16061,16060,NUMARAN,61,PVEM,VICTOR CEVERO MADRIGAL ZARATE,.
37,16061,16060,NUMARAN,61,MC,EDWIN MADRIGAL FIGUEROA,.
38,16061,16060,NUMARAN,61,MORENA,VICTOR CEVERO MADRIGAL ZARATE,.
39,16061,16060,NUMARAN,61,PMM,JESUS ABSALOM DIAZ REYES,.
40,16061,16060,NUMARAN,61,C_PT_PVEM_MORENA,VICTOR CEVERO MADRIGAL ZARATE,.
41,16061,16060,NUMARAN,61,C_PT_MORENA,VICTOR CEVERO MADRIGAL ZARATE,.
750,16062,16061,OCAMPO,62,PAN,AMADO GOMEZ GONZALEZ,X
751,16062,16061,OCAMPO,62,PRI,AMADO GOMEZ GONZALEZ,.
752,16062,16061,OCAMPO,62,PRD,AMADO GOMEZ GONZALEZ,.
753,16062,16061,OCAMPO,62,PT,LETICIA ARRIAGA DOMINGUEZ,.
754,16062,16061,OCAMPO,62,PVEM,JOSE JOSE ARRIAGA COLIN,.
755,16062,16061,OCAMPO,62,MORENA,LETICIA ARRIAGA DOMINGUEZ,.
756,16062,16061,OCAMPO,62,C_PT_MORENA,LETICIA ARRIAGA DOMINGUEZ,.
757,16062,16061,OCAMPO,62,C_PAN_PRI_PRD,AMADO GOMEZ GONZALEZ,.
758,16062,16061,OCAMPO,62,C_PAN_PRI,AMADO GOMEZ GONZALEZ,.
759,16062,16061,OCAMPO,62,C_PRI_PRD,AMADO GOMEZ GONZALEZ,.
331,16063,16062,PAJACUARAN,63,PAN,GUADALUPE ALEJANDRE SANDOVAL,X
332,16063,16062,PAJACUARAN,63,PRI,GUADALUPE ALEJANDRE SANDOVAL,.
333,16063,16062,PAJACUARAN,63,PRD,GUADALUPE ALEJANDRE SANDOVAL,.
334,16063,16062,PAJACUARAN,63,PT,JOSE ANTONIO GONZALEZ FLORES,.
335,16063,16062,PAJACUARAN,63,PVEM,JOSE ANTONIO GONZALEZ FLORES,.
336,16063,16062,PAJACUARAN,63,MC,MARIA ELENA MACIAS SANCHEZ,.
337,16063,16062,PAJACUARAN,63,MORENA,JOSE ANTONIO GONZALEZ FLORES,.
338,16063,16062,PAJACUARAN,63,C_PT_PVEM_MORENA,JOSE ANTONIO GONZALEZ FLORES,.
339,16063,16062,PAJACUARAN,63,C_PT_MORENA,JOSE ANTONIO GONZALEZ FLORES,.
340,16063,16062,PAJACUARAN,63,C_PAN_PRI_PRD,GUADALUPE ALEJANDRE SANDOVAL,.
341,16063,16062,PAJACUARAN,63,C_PAN_PRI,GUADALUPE ALEJANDRE SANDOVAL,.
342,16063,16062,PAJACUARAN,63,C_PRI_PRD,GUADALUPE ALEJANDRE SANDOVAL,.
180,16064,16063,PANINDICUARO,64,PAN,ANA ELIZABETH VILLA CARDENAS,X
181,16064,16063,PANINDICUARO,64,PRI,ANA ELIZABETH VILLA CARDENAS,.
182,16064,16063,PANINDICUARO,64,PRD,ANA ELIZABETH VILLA CARDENAS,.
183,16064,16063,PANINDICUARO,64,PT,MANUEL LOPEZ MELENDEZ,.
184,16064,16063,PANINDICUARO,64,PVEM,MANUEL LOPEZ MELENDEZ,.
185,16064,16063,PANINDICUARO,64,MC,ANTONIO EFRAIN ORTEGA ANDRADE,.
186,16064,16063,PANINDICUARO,64,MORENA,MANUEL LOPEZ MELENDEZ,.
187,16064,16063,PANINDICUARO,64,C_PT_PVEM_MORENA,MANUEL LOPEZ MELENDEZ,.
188,16064,16063,PANINDICUARO,64,C_PT_MORENA,MANUEL LOPEZ MELENDEZ,.
189,16064,16063,PANINDICUARO,64,C_PAN_PRI_PRD,ANA ELIZABETH VILLA CARDENAS,.
190,16064,16063,PANINDICUARO,64,C_PAN_PRI,ANA ELIZABETH VILLA CARDENAS,.
191,16064,16063,PANINDICUARO,64,C_PRI_PRD,ANA ELIZABETH VILLA CARDENAS,.
1274,16065,16064,PARACUARO,65,PAN,JULISA FARIAS LOPEZ,X
1275,16065,16064,PARACUARO,65,PRI,JULISA FARIAS LOPEZ,.
1276,16065,16064,PARACUARO,65,PRD,JULISA FARIAS LOPEZ,.
1277,16065,16064,PARACUARO,65,PT,JOSAFAT BAUTISTA GONZALEZ,.
1278,16065,16064,PARACUARO,65,PVEM,JOSAFAT BAUTISTA GONZALEZ,.
1279,16065,16064,PARACUARO,65,MORENA,JOSAFAT BAUTISTA GONZALEZ,.
1280,16065,16064,PARACUARO,65,C_PT_PVEM_MORENA,JOSAFAT BAUTISTA GONZALEZ,.
1281,16065,16064,PARACUARO,65,C_PT_MORENA,JOSAFAT BAUTISTA GONZALEZ,.
1282,16065,16064,PARACUARO,65,C_PAN_PRI_PRD,JULISA FARIAS LOPEZ,.
1283,16065,16064,PARACUARO,65,C_PAN_PRI,JULISA FARIAS LOPEZ,.
1284,16065,16064,PARACUARO,65,C_PRI_PRD,JULISA FARIAS LOPEZ,.
444,16066,16065,PARACHO,66,PAN,AURELIO PASCUAL MARTINEZ,X
445,16066,16065,PARACHO,66,PRI,MARCO AURELIO NAVA CERVANTES,.
446,16066,16065,PARACHO,66,PRD,MARCO AURELIO NAVA CERVANTES,.
447,16066,16065,PARACHO,66,PT,JUAN ALVARO VAZQUEZ GALLEGOS,.
448,16066,16065,PARACHO,66,PVEM,SUSANA ORTEGA GUTIERREZ,.
449,16066,16065,PARACHO,66,MC,CARLOS ROBERTO QUEREA TORAL,.
450,16066,16065,PARACHO,66,MORENA,SUSANA ORTEGA GUTIERREZ,.
451,16066,16065,PARACHO,66,PESM,SALVADOR MARTINEZ GUTIERREZ,.
452,16066,16065,PARACHO,66,PMM,MARIA MONSERRAT CHUELA RAMOS,.
453,16066,16065,PARACHO,66,MICH1,FIDEL BARAJAS LEON,.
454,16066,16065,PARACHO,66,TXM,VICTOR CORDOVA CANO,.
455,16066,16065,PARACHO,66,CAND_IND_1,VICTOR ALFONSO MOTA HERRERA,.
456,16066,16065,PARACHO,66,CAND_IND_2,JORGE CACARI ALEJOS,.
457,16066,16065,PARACHO,66,C_PVEM_MORENA,SUSANA ORTEGA GUTIERREZ,.
458,16066,16065,PARACHO,66,C_PRI_PRD,MARCO AURELIO NAVA CERVANTES,.
830,16067,16066,PATZCUARO,67,PAN,SAMANTA FLORES ADAME,X
831,16067,16066,PATZCUARO,67,PRI,SAMANTA FLORES ADAME,.
832,16067,16066,PATZCUARO,67,PRD,SAMANTA FLORES ADAME,.
833,16067,16066,PATZCUARO,67,PT,JULIO ALBERTO ARREOLA VAZQUEZ,.
834,16067,16066,PATZCUARO,67,PVEM,JULIO ALBERTO ARREOLA VAZQUEZ,.
835,16067,16066,PATZCUARO,67,MC,ALEKSEI TENTORY VARGAS,.
836,16067,16066,PATZCUARO,67,MORENA,JULIO ALBERTO ARREOLA VAZQUEZ,.
837,16067,16066,PATZCUARO,67,PESM,JUAN PABLO OROZCO ESPINDOLA,.
838,16067,16066,PATZCUARO,67,PMM,MARCO VINICIO BAEZ FLORES,.
839,16067,16066,PATZCUARO,67,MICH1,MARIA ISABEL CASTILLEJO MORENO,.
840,16067,16066,PATZCUARO,67,TXM,EFRAIN PEREZ LOMBERA,.
841,16067,16066,PATZCUARO,67,C_PT_PVEM_MORENA,JULIO ALBERTO ARREOLA VAZQUEZ,.
842,16067,16066,PATZCUARO,67,C_PT_MORENA,JULIO ALBERTO ARREOLA VAZQUEZ,.
843,16067,16066,PATZCUARO,67,C_PAN_PRI_PRD,SAMANTA FLORES ADAME,.
844,16067,16066,PATZCUARO,67,C_PAN_PRI,SAMANTA FLORES ADAME,.
845,16067,16066,PATZCUARO,67,C_PRI_PRD,SAMANTA FLORES ADAME,.
192,16068,16067,PENJAMILLO,68,PAN,PAULINA MARLENE HERRERA GONZALEZ,X
193,16068,16067,PENJAMILLO,68,PRI,PAULINA MARLENE HERRERA GONZALEZ,.
194,16068,16067,PENJAMILLO,68,PRD,CRISTIAN MOISES GUTIERREZ RAMOS,.
195,16068,16067,PENJAMILLO,68,PT,DAVID HERNANDEZ PLASCENCIA,.
196,16068,16067,PENJAMILLO,68,PVEM,TZITZIQUI NOYRETTE PEÑA BELMONTE,.
197,16068,16067,PENJAMILLO,68,MC,J JESUS ZAMUDIO HERNANDEZ,.
198,16068,16067,PENJAMILLO,68,MORENA,MARIA MARTINEZ RUIZ,.
199,16068,16067,PENJAMILLO,68,PESM,CRISTIAN MOISES GUTIERREZ RAMOS,.
200,16068,16067,PENJAMILLO,68,C_PAN_PRI,PAULINA MARLENE HERRERA GONZALEZ,.
201,16068,16067,PENJAMILLO,68,C_PRD_PESM,CRISTIAN MOISES GUTIERREZ RAMOS,.
1131,16069,16068,PERIBAN,69,PAN,HECTOR CEJA SUAREZ,X
1132,16069,16068,PERIBAN,69,PRI,ADRIAN ARROYO ESTRADA,.
1133,16069,16068,PERIBAN,69,PRD,HECTOR CEJA SUAREZ,.
1134,16069,16068,PERIBAN,69,PT,ALFREDO ARROYO ARROYO,.
1135,16069,16068,PERIBAN,69,PVEM,ALFREDO ARROYO ARROYO,.
1136,16069,16068,PERIBAN,69,MC,FRANCISCO DAVID SANDOVAL MORENO,.
1137,16069,16068,PERIBAN,69,MORENA,ALFREDO ARROYO ARROYO,.
1138,16069,16068,PERIBAN,69,PESM,BLANCA GEMA TRUJILLO ESPINDOLA,.
1139,16069,16068,PERIBAN,69,PMM,MARTIN ALEXANDER ESCALERA BAUTISTA,.
1140,16069,16068,PERIBAN,69,MICH1,JUAN RAMON AVALOS BARAJAS,.
1141,16069,16068,PERIBAN,69,C_PT_PVEM_MORENA,ALFREDO ARROYO ARROYO,.
1142,16069,16068,PERIBAN,69,C_PT_MORENA,ALFREDO ARROYO ARROYO,.
1143,16069,16068,PERIBAN,69,C_PAN_PRD,HECTOR CEJA SUAREZ,.
42,16070,16069,PIEDAD--LA,70,PAN,SAMUEL DAVID HIDALGO GALLARDO,X
43,16070,16069,PIEDAD--LA,70,PRI,SAMUEL DAVID HIDALGO GALLARDO,.
44,16070,16069,PIEDAD--LA,70,PRD,SAMUEL DAVID HIDALGO GALLARDO,.
45,16070,16069,PIEDAD--LA,70,PT,LUIS MOISES  RODRIGUEZ  ZARATE,.
46,16070,16069,PIEDAD--LA,70,PVEM,LUIS MOISES  RODRIGUEZ  ZARATE,.
47,16070,16069,PIEDAD--LA,70,MC,ANITA BEATRIZ HERNANDEZ CABRERA,.
48,16070,16069,PIEDAD--LA,70,MORENA,LUIS MOISES  RODRIGUEZ  ZARATE,.
49,16070,16069,PIEDAD--LA,70,PMM,SILVIA JANETH LINARES CASTILLO,.
50,16070,16069,PIEDAD--LA,70,MICH1,JOSE GUILLERMO ZARATE MAGDALENO,.
51,16070,16069,PIEDAD--LA,70,TXM,JESUS RAMON SOTO ORTIZ,.
52,16070,16069,PIEDAD--LA,70,C_PT_PVEM_MORENA,LUIS MOISES  RODRIGUEZ  ZARATE,.
53,16070,16069,PIEDAD--LA,70,C_PT_MORENA,LUIS MOISES  RODRIGUEZ  ZARATE,.
54,16070,16069,PIEDAD--LA,70,C_PAN_PRI_PRD,SAMUEL DAVID HIDALGO GALLARDO,.
55,16070,16069,PIEDAD--LA,70,C_PAN_PRI,SAMUEL DAVID HIDALGO GALLARDO,.
56,16070,16069,PIEDAD--LA,70,C_PRI_PRD,SAMUEL DAVID HIDALGO GALLARDO,.
496,16071,16070,PUREPERO,71,PAN,MA. LUISA  VEGA  MARTINEZ,X
497,16071,16070,PUREPERO,71,PRI,LEOPOLDO MARTINEZ GONZALEZ,.
498,16071,16070,PUREPERO,71,PRD,JOSE ENRIQUE MORA CARDENAS,.
499,16071,16070,PUREPERO,71,PT,FCO. JAVIER LOPEZ GONZALEZ,.
500,16071,16070,PUREPERO,71,PVEM,ANA KAREN GARCIA  RUIZ,.
501,16071,16070,PUREPERO,71,MC,JOSE ANTONIO ADAME SAAVEDRA,.
502,16071,16070,PUREPERO,71,MORENA,JOSE CUAUHTEMOC VEGA ROBLEDO,.
503,16071,16070,PUREPERO,71,PESM,PATRICIA CHAVEZ HERNANDEZ,.
504,16071,16070,PUREPERO,71,PMM,FRANCISCO JAVIER MARTINEZ CARRANZA,.
202,16072,16071,PURUANDIRO,72,PAN,VICTOR MANUEL VAZQUEZ TAPIA,X
203,16072,16071,PURUANDIRO,72,PRI,VICTOR MANUEL VAZQUEZ TAPIA,.
204,16072,16071,PURUANDIRO,72,PRD,VICTOR MANUEL VAZQUEZ TAPIA,.
205,16072,16071,PURUANDIRO,72,PT,ARMANDO CONTRERAS CEBALLOS,.
206,16072,16071,PURUANDIRO,72,PVEM,ARMANDO CONTRERAS CEBALLOS,.
207,16072,16071,PURUANDIRO,72,MC,ENRIQUE LOPEZ RIOS,.
208,16072,16071,PURUANDIRO,72,MORENA,ARMANDO CONTRERAS CEBALLOS,.
209,16072,16071,PURUANDIRO,72,PESM,SERGIO LARA LARA,.
210,16072,16071,PURUANDIRO,72,PMM,JORGE ESTRADA RAMOS,.
211,16072,16071,PURUANDIRO,72,MICH1,ROSA DEL CARMEN ZAVALA GARCIA,.
212,16072,16071,PURUANDIRO,72,TXM,ARTURO GONZALEZ MENDEZ,.
213,16072,16071,PURUANDIRO,72,C_PT_PVEM_MORENA,ARMANDO CONTRERAS CEBALLOS,.
214,16072,16071,PURUANDIRO,72,C_PT_MORENA,ARMANDO CONTRERAS CEBALLOS,.
215,16072,16071,PURUANDIRO,72,C_PAN_PRI_PRD,VICTOR MANUEL VAZQUEZ TAPIA,.
216,16072,16071,PURUANDIRO,72,C_PAN_PRI,VICTOR MANUEL VAZQUEZ TAPIA,.
217,16072,16071,PURUANDIRO,72,C_PRI_PRD,VICTOR MANUEL VAZQUEZ TAPIA,.
715,16073,16072,QUERENDARO,73,PAN,ALEJANDRO CUAUHTEMOC SOLIS GARCIA,X
716,16073,16072,QUERENDARO,73,PRI,RODRIGO BERNABE HERNANDEZ,.
717,16073,16072,QUERENDARO,73,PT,DIANA CABALLERO ROMERO,.
718,16073,16072,QUERENDARO,73,PVEM,DIANA CABALLERO ROMERO,.
719,16073,16072,QUERENDARO,73,MC,ROSA BERENICE CORREA VILLALOBOS,.
720,16073,16072,QUERENDARO,73,MORENA,DIANA CABALLERO ROMERO,.
721,16073,16072,QUERENDARO,73,PMM,SALVADOR CAMACHO SERRATO,.
722,16073,16072,QUERENDARO,73,TXM,JUAN CARLOS DURAN GONZALEZ,.
723,16073,16072,QUERENDARO,73,C_PT_PVEM_MORENA,DIANA CABALLERO ROMERO,.
724,16073,16072,QUERENDARO,73,C_PT_MORENA,DIANA CABALLERO ROMERO,.
846,16074,16073,QUIROGA,74,PAN,ALMA MIREYA GONZALEZ SANCHEZ,X
847,16074,16073,QUIROGA,74,PRI,ALMA MIREYA GONZALEZ SANCHEZ,.
848,16074,16073,QUIROGA,74,PRD,ALMA MIREYA GONZALEZ SANCHEZ,.
849,16074,16073,QUIROGA,74,PT,ARTURO ESTRADA BARRIGA,.
850,16074,16073,QUIROGA,74,PVEM,DULCE MARIA PEÑA ALVAREZ,.
851,16074,16073,QUIROGA,74,MC,EMILIANO CALVO CALDERON,.
852,16074,16073,QUIROGA,74,MORENA,DULCE MARIA PEÑA ALVAREZ,.
853,16074,16073,QUIROGA,74,PESM,MA. GUADALUPE HUACUZ GABRIEL,.
854,16074,16073,QUIROGA,74,PMM,J LEONCIO LAGUNA SANTANA,.
855,16074,16073,QUIROGA,74,TXM,FRANCISCO JAVIER ALANIS SOLIS,.
856,16074,16073,QUIROGA,74,C_PVEM_MORENA,DULCE MARIA PEÑA ALVAREZ,.
857,16074,16073,QUIROGA,74,C_PAN_PRI_PRD,ALMA MIREYA GONZALEZ SANCHEZ,.
858,16074,16073,QUIROGA,74,C_PAN_PRI,ALMA MIREYA GONZALEZ SANCHEZ,.
859,16074,16073,QUIROGA,74,C_PRI_PRD,ALMA MIREYA GONZALEZ SANCHEZ,.
343,16075,16074,COJUMATLAN DE REGULES,75,PAN,JANITZIO MUJICA MANZO,X
344,16075,16074,COJUMATLAN DE REGULES,75,PRI,JANITZIO MUJICA MANZO,.
345,16075,16074,COJUMATLAN DE REGULES,75,PRD,JANITZIO MUJICA MANZO,.
346,16075,16074,COJUMATLAN DE REGULES,75,PT,ANA LILIA MANZO MARTINEZ,.
347,16075,16074,COJUMATLAN DE REGULES,75,PVEM,JULIO CESAR TRUJILLO RODRIGUEZ,.
348,16075,16074,COJUMATLAN DE REGULES,75,MORENA,ANA LILIA MANZO MARTINEZ,.
349,16075,16074,COJUMATLAN DE REGULES,75,C_PT_MORENA,ANA LILIA MANZO MARTINEZ,.
350,16075,16074,COJUMATLAN DE REGULES,75,C_PAN_PRI_PRD,JANITZIO MUJICA MANZO,.
351,16075,16074,COJUMATLAN DE REGULES,75,C_PAN_PRI,JANITZIO MUJICA MANZO,.
352,16075,16074,COJUMATLAN DE REGULES,75,C_PRI_PRD,JANITZIO MUJICA MANZO,.
625,16076,16075,REYES--LOS,76,PAN,LIZ ALEJANDRA HERNANDEZ MORALES,X
626,16076,16075,REYES--LOS,76,PRI,LIZ ALEJANDRA HERNANDEZ MORALES,.
627,16076,16075,REYES--LOS,76,PRD,HUMBERTO JIMENEZ SOLIS,.
628,16076,16075,REYES--LOS,76,PT,BRUNO TORRES GUTIERREZ,.
629,16076,16075,REYES--LOS,76,PVEM,BRUNO TORRES GUTIERREZ,.
630,16076,16075,REYES--LOS,76,MORENA,BRUNO TORRES GUTIERREZ,.
631,16076,16075,REYES--LOS,76,PESM,VICTOR VICENTE ISLAS ESPINOSA,.
632,16076,16075,REYES--LOS,76,TXM,ISOLDA PAULINA ALVAREZ MENDOZA,.
633,16076,16075,REYES--LOS,76,C_PT_PVEM_MORENA,BRUNO TORRES GUTIERREZ,.
634,16076,16075,REYES--LOS,76,C_PT_MORENA,BRUNO TORRES GUTIERREZ,.
635,16076,16075,REYES--LOS,76,C_PAN_PRI,LIZ ALEJANDRA HERNANDEZ MORALES,.
353,16077,16076,SAHUAYO,77,PAN,MANUEL GALVEZ SANCHEZ,X
354,16077,16076,SAHUAYO,77,PRI,MANUEL GALVEZ SANCHEZ,.
355,16077,16076,SAHUAYO,77,PRD,MANUEL GALVEZ SANCHEZ,.
356,16077,16076,SAHUAYO,77,PT,SANTIAGO PICAZO SANCHEZ,.
357,16077,16076,SAHUAYO,77,PVEM,SANTIAGO PICAZO SANCHEZ,.
358,16077,16076,SAHUAYO,77,MC,CARLOS EMILIO DEL RIVERO ROMERO,.
359,16077,16076,SAHUAYO,77,MORENA,SANTIAGO PICAZO SANCHEZ,.
360,16077,16076,SAHUAYO,77,PESM,DELIA CRISTOBAL CERVANTES,.
361,16077,16076,SAHUAYO,77,TXM,RICARDO CHAVEZ GUERRERO,.
362,16077,16076,SAHUAYO,77,C_PT_PVEM_MORENA,SANTIAGO PICAZO SANCHEZ,.
363,16077,16076,SAHUAYO,77,C_PT_MORENA,SANTIAGO PICAZO SANCHEZ,.
364,16077,16076,SAHUAYO,77,C_PAN_PRI_PRD,MANUEL GALVEZ SANCHEZ,.
365,16077,16076,SAHUAYO,77,C_PAN_PRI,MANUEL GALVEZ SANCHEZ,.
366,16077,16076,SAHUAYO,77,C_PRI_PRD,MANUEL GALVEZ SANCHEZ,.
936,16078,16077,SAN LUCAS,78,PAN,RUBI AYDEE TRUJILLO MARRON,X
937,16078,16077,SAN LUCAS,78,PRI,ARALIA SAUCEDO FLORES,.
938,16078,16077,SAN LUCAS,78,PRD,MA. INES CRUZ GALARZA,.
939,16078,16077,SAN LUCAS,78,PT,KENIA NATALY JAIMES HUIPIO,.
940,16078,16077,SAN LUCAS,78,PVEM,KENIA NATALY JAIMES HUIPIO,.
941,16078,16077,SAN LUCAS,78,MORENA,KENIA NATALY JAIMES HUIPIO,.
942,16078,16077,SAN LUCAS,78,PESM,MA. INES CRUZ GALARZA,.
943,16078,16077,SAN LUCAS,78,PMM,RUBICELA SANDOVAL LEYVA,.
944,16078,16077,SAN LUCAS,78,C_PT_PVEM_MORENA,KENIA NATALY JAIMES HUIPIO,.
945,16078,16077,SAN LUCAS,78,C_PT_MORENA,KENIA NATALY JAIMES HUIPIO,.
946,16078,16077,SAN LUCAS,78,C_PRD_PESM,MA. INES CRUZ GALARZA,.
580,16079,16078,SANTA ANA MAYA,79,PAN,ANA LILIA LOPEZ GARCIA,X
581,16079,16078,SANTA ANA MAYA,79,PRI,ANA LILIA LOPEZ GARCIA,.
582,16079,16078,SANTA ANA MAYA,79,PRD,ANA LILIA LOPEZ GARCIA,.
583,16079,16078,SANTA ANA MAYA,79,PT,FRANCISCO JAVIER MENDOZA ORTIZ,.
584,16079,16078,SANTA ANA MAYA,79,PVEM,ERIC BARRERA REYES,.
585,16079,16078,SANTA ANA MAYA,79,MC,MARIELA OROS PANTOJA,.
586,16079,16078,SANTA ANA MAYA,79,MORENA,OMAR VEGA CALDERON,.
587,16079,16078,SANTA ANA MAYA,79,C_PAN_PRI_PRD,ANA LILIA LOPEZ GARCIA,.
588,16079,16078,SANTA ANA MAYA,79,C_PAN_PRI,ANA LILIA LOPEZ GARCIA,.
589,16079,16078,SANTA ANA MAYA,79,C_PRI_PRD,ANA LILIA LOPEZ GARCIA,.
860,16080,16079,SALVADOR ESCALANTE,80,PAN,J. NOE ZARAGOZA INFANTE,X
861,16080,16079,SALVADOR ESCALANTE,80,PRI,MELITON NARANJO RIVERA,.
862,16080,16079,SALVADOR ESCALANTE,80,PRD,ALEJANDRO MENDOZA OLVERA,.
863,16080,16079,SALVADOR ESCALANTE,80,PT,MARIA DAYANA PEREZ MENDOZA,.
864,16080,16079,SALVADOR ESCALANTE,80,PVEM,MARIA DAYANA PEREZ MENDOZA,.
865,16080,16079,SALVADOR ESCALANTE,80,MC,JOSE JESUS LUCAS ANGEL,.
866,16080,16079,SALVADOR ESCALANTE,80,MORENA,MARIA DAYANA PEREZ MENDOZA,.
867,16080,16079,SALVADOR ESCALANTE,80,PESM,ALEJANDRO MENDOZA OLVERA,.
868,16080,16079,SALVADOR ESCALANTE,80,PMM,ROCELIA PURECO ZEPEDA,.
869,16080,16079,SALVADOR ESCALANTE,80,C_PT_PVEM_MORENA,MARIA DAYANA PEREZ MENDOZA,.
870,16080,16079,SALVADOR ESCALANTE,80,C_PT_MORENA,MARIA DAYANA PEREZ MENDOZA,.
871,16080,16079,SALVADOR ESCALANTE,80,C_PRD_PESM,ALEJANDRO MENDOZA OLVERA,.
277,16081,16080,SENGUIO,81,PAN,RODOLFO QUINTANA TRUJILLO,X
278,16081,16080,SENGUIO,81,PRI,RODOLFO QUINTANA TRUJILLO,.
279,16081,16080,SENGUIO,81,PRD,JERALDIN HERNANDEZ HERNANDEZ,.
280,16081,16080,SENGUIO,81,PT,MARIA ALEJANDRA VANEGAS RIOS,.
281,16081,16080,SENGUIO,81,PVEM,MARIA ALEJANDRA VANEGAS RIOS,.
282,16081,16080,SENGUIO,81,MORENA,MARIA ALEJANDRA VANEGAS RIOS,.
283,16081,16080,SENGUIO,81,C_PT_PVEM_MORENA,MARIA ALEJANDRA VANEGAS RIOS,.
284,16081,16080,SENGUIO,81,C_PT_MORENA,MARIA ALEJANDRA VANEGAS RIOS,.
285,16081,16080,SENGUIO,81,C_PAN_PRI,RODOLFO QUINTANA TRUJILLO,.
947,16082,16081,SUSUPUATO,82,PAN,MARIA TERESA AVILA SALGUERO,X
948,16082,16081,SUSUPUATO,82,PRI,MARIA TERESA AVILA SALGUERO,.
949,16082,16081,SUSUPUATO,82,PRD,MARIA TERESA AVILA SALGUERO,.
950,16082,16081,SUSUPUATO,82,PT,SIN CANDIDATURA,.
951,16082,16081,SUSUPUATO,82,MC,DIANA LAURA MONDRAGON BENITES,.
952,16082,16081,SUSUPUATO,82,PESM,SIN CANDIDATURA,.
953,16082,16081,SUSUPUATO,82,C_PAN_PRI_PRD,MARIA TERESA AVILA SALGUERO,.
954,16082,16081,SUSUPUATO,82,C_PAN_PRI,MARIA TERESA AVILA SALGUERO,.
955,16082,16081,SUSUPUATO,82,C_PRI_PRD,MARIA TERESA AVILA SALGUERO,.
956,16082,16081,SUSUPUATO,82,C_PT_PESM,SIN CANDIDATURA,.
1039,16083,16082,TACAMBARO,83,PAN,MARIA VENERANDA CEJA VARGAS,X
1040,16083,16082,TACAMBARO,83,PRI,HOMERO AMADO ANAYA RODRIGUEZ,.
1041,16083,16082,TACAMBARO,83,PRD,FERNANDO GOMEZ  GASPAR,.
1042,16083,16082,TACAMBARO,83,PT,SALVADOR BASTIDA GARCIA,.
1043,16083,16082,TACAMBARO,83,PVEM,SALVADOR BASTIDA GARCIA,.
1044,16083,16082,TACAMBARO,83,MC,JOSE LUIS BARBOSA HERNANDEZ,.
1045,16083,16082,TACAMBARO,83,MORENA,SALVADOR BASTIDA GARCIA,.
1046,16083,16082,TACAMBARO,83,PMM,ARACELI PIMENTEL BERMUDEZ,.
1047,16083,16082,TACAMBARO,83,TXM,OSVALDO VILLANUEVA SALINAS,.
1048,16083,16082,TACAMBARO,83,C_PT_PVEM_MORENA,SALVADOR BASTIDA GARCIA,.
1049,16083,16082,TACAMBARO,83,C_PT_MORENA,SALVADOR BASTIDA GARCIA,.
1285,16084,16083,TANCITARO,84,PAN,CARLOS NAVARRO  CORZA,X
1286,16084,16083,TANCITARO,84,PRI,CARLOS NAVARRO  CORZA,.
1287,16084,16083,TANCITARO,84,PRD,VICTORIA ZAMBRANO SANCHEZ,.
1288,16084,16083,TANCITARO,84,PT,NOEMI TORRES URBINA,.
1289,16084,16083,TANCITARO,84,PVEM,NOEMI TORRES URBINA,.
1290,16084,16083,TANCITARO,84,MC,MARIA GUADALUPE MORA MORA,.
1291,16084,16083,TANCITARO,84,MORENA,NOEMI TORRES URBINA,.
1292,16084,16083,TANCITARO,84,PESM,MANUEL ALEJANDRO RUELAS TORRES,.
1293,16084,16083,TANCITARO,84,PMM,BRENDA LIZBETH EQUIHUA LEMUS,.
1294,16084,16083,TANCITARO,84,C_PT_PVEM_MORENA,NOEMI TORRES URBINA,.
1295,16084,16083,TANCITARO,84,C_PT_MORENA,NOEMI TORRES URBINA,.
1296,16084,16083,TANCITARO,84,C_PAN_PRI,CARLOS NAVARRO  CORZA,.
636,16085,16084,TANGAMANDAPIO,85,PAN,RODRIGO CAMPOS CUEVAS,X
637,16085,16084,TANGAMANDAPIO,85,PRI,RODRIGO CAMPOS CUEVAS,.
638,16085,16084,TANGAMANDAPIO,85,PRD,VERONICA OCHOA SANDOVAL,.
639,16085,16084,TANGAMANDAPIO,85,PT,LUIS ENRIQUE ARROYO LARA,.
640,16085,16084,TANGAMANDAPIO,85,PVEM,LUIS ENRIQUE ARROYO LARA,.
641,16085,16084,TANGAMANDAPIO,85,MORENA,LUIS ENRIQUE ARROYO LARA,.
642,16085,16084,TANGAMANDAPIO,85,C_PT_PVEM_MORENA,LUIS ENRIQUE ARROYO LARA,.
643,16085,16084,TANGAMANDAPIO,85,C_PT_MORENA,LUIS ENRIQUE ARROYO LARA,.
644,16085,16084,TANGAMANDAPIO,85,C_PAN_PRI,RODRIGO CAMPOS CUEVAS,.
505,16086,16085,TANGANCICUARO,86,PAN,ARTURO HERNANDEZ VAZQUEZ,X
506,16086,16085,TANGANCICUARO,86,PRI,RUBEN JESUS CASTILLO OREGEL,.
507,16086,16085,TANGANCICUARO,86,PRD,ARTURO HERNANDEZ VAZQUEZ,.
508,16086,16085,TANGANCICUARO,86,PT,ANGELINA CORTES VEGA,.
509,16086,16085,TANGANCICUARO,86,PVEM,ANGELINA CORTES VEGA,.
510,16086,16085,TANGANCICUARO,86,MORENA,ANGELINA CORTES VEGA,.
511,16086,16085,TANGANCICUARO,86,PMM,LEOPOLDO CHAVEZ ARCINIEGA,.
512,16086,16085,TANGANCICUARO,86,C_PT_PVEM_MORENA,ANGELINA CORTES VEGA,.
513,16086,16085,TANGANCICUARO,86,C_PT_MORENA,ANGELINA CORTES VEGA,.
514,16086,16085,TANGANCICUARO,86,C_PAN_PRD,ARTURO HERNANDEZ VAZQUEZ,.
57,16087,16086,TANHUATO,87,PAN,MARIA FRANCISCA LICEA RAMIREZ,X
58,16087,16086,TANHUATO,87,PRI,MARIA FRANCISCA LICEA RAMIREZ,.
59,16087,16086,TANHUATO,87,PRD,MARIA FRANCISCA LICEA RAMIREZ,.
60,16087,16086,TANHUATO,87,PT,CLAUDIA MIRIAN TAMAYO NARES,.
61,16087,16086,TANHUATO,87,PVEM,GUADALUPE LOPEZ QUEVEDO,.
62,16087,16086,TANHUATO,87,MC,DANIEL HERRERA MARTIN DEL CAMPO,.
63,16087,16086,TANHUATO,87,MORENA,JOSE ALFREDO MAGDALENO HERNANDEZ,.
64,16087,16086,TANHUATO,87,PESM,ISAAC ORTEGA RAMIREZ,.
65,16087,16086,TANHUATO,87,C_PAN_PRI_PRD,MARIA FRANCISCA LICEA RAMIREZ,.
66,16087,16086,TANHUATO,87,C_PAN_PRI,MARIA FRANCISCA LICEA RAMIREZ,.
67,16087,16086,TANHUATO,87,C_PRI_PRD,MARIA FRANCISCA LICEA RAMIREZ,.
1224,16088,16087,TARETAN,88,PAN,DIEGO ALVAREZ TAFOLLA,X
1225,16088,16087,TARETAN,88,PRI,ZAIRA DONAJI GARCIA  LOPEZ,.
1226,16088,16087,TARETAN,88,PRD,JOSEFA HERNANDEZ SANDOVAL,.
1227,16088,16087,TARETAN,88,PT,FRANCISCO  VENERA GARCIA,.
1228,16088,16087,TARETAN,88,PVEM,MONTSERRAT MARIA DE LOS ANGELES BAEZ AGUADO,.
1229,16088,16087,TARETAN,88,MC,JOAQUIN BAROCIO RINCON,.
1230,16088,16087,TARETAN,88,MORENA,MONTSERRAT MARIA DE LOS ANGELES BAEZ AGUADO,.
1231,16088,16087,TARETAN,88,PESM,FRANCISCO  VENERA GARCIA,.
1232,16088,16087,TARETAN,88,MICH1,ALBERTO SANDOVAL LEON,.
1233,16088,16087,TARETAN,88,C_PVEM_MORENA,MONTSERRAT MARIA DE LOS ANGELES BAEZ AGUADO,.
1234,16088,16087,TARETAN,88,C_PT_PESM,FRANCISCO  VENERA GARCIA,.
590,16089,16088,TARIMBARO,89,PAN,BLADIMIR ALEJANDRO GONZALEZ GUTIERREZ,X
591,16089,16088,TARIMBARO,89,PRI,BLADIMIR ALEJANDRO GONZALEZ GUTIERREZ,.
592,16089,16088,TARIMBARO,89,PRD,BLADIMIR ALEJANDRO GONZALEZ GUTIERREZ,.
593,16089,16088,TARIMBARO,89,PT,ERIC NICANOR GAONA GARCIA,.
594,16089,16088,TARIMBARO,89,PVEM,ERIC NICANOR GAONA GARCIA,.
595,16089,16088,TARIMBARO,89,MC,AMADO HERNANDEZ ORTIZ,.
596,16089,16088,TARIMBARO,89,MORENA,ERIC NICANOR GAONA GARCIA,.
597,16089,16088,TARIMBARO,89,PESM,LOURDES EVA CHAVIRA GALINDO,.
598,16089,16088,TARIMBARO,89,MICH1,ADRIANA BUSTAMANTE ESPINOZA,.
599,16089,16088,TARIMBARO,89,TXM,NORA EDITH VILLAGOMEZ ROMERO,.
600,16089,16088,TARIMBARO,89,C_PT_PVEM_MORENA,ERIC NICANOR GAONA GARCIA,.
601,16089,16088,TARIMBARO,89,C_PT_MORENA,ERIC NICANOR GAONA GARCIA,.
602,16089,16088,TARIMBARO,89,C_PAN_PRI_PRD,BLADIMIR ALEJANDRO GONZALEZ GUTIERREZ,.
603,16089,16088,TARIMBARO,89,C_PAN_PRI,BLADIMIR ALEJANDRO GONZALEZ GUTIERREZ,.
604,16089,16088,TARIMBARO,89,C_PRI_PRD,BLADIMIR ALEJANDRO GONZALEZ GUTIERREZ,.
1144,16090,16089,TEPALCATEPEC,90,PAN,IRMA VARGAS MORALES,X
1145,16090,16089,TEPALCATEPEC,90,PRI,IRMA VARGAS MORALES,.
1146,16090,16089,TEPALCATEPEC,90,PRD,IRMA VARGAS MORALES,.
1147,16090,16089,TEPALCATEPEC,90,PT,MARTHA LAURA MENDOZA MENDOZA,.
1148,16090,16089,TEPALCATEPEC,90,PVEM,ALEJANDRA RODRIGUEZ GONZALEZ,.
1149,16090,16089,TEPALCATEPEC,90,MORENA,MARTHA LAURA MENDOZA MENDOZA,.
1150,16090,16089,TEPALCATEPEC,90,C_PT_MORENA,MARTHA LAURA MENDOZA MENDOZA,.
1151,16090,16089,TEPALCATEPEC,90,C_PAN_PRI_PRD,IRMA VARGAS MORALES,.
1152,16090,16089,TEPALCATEPEC,90,C_PAN_PRI,IRMA VARGAS MORALES,.
1153,16090,16089,TEPALCATEPEC,90,C_PRI_PRD,IRMA VARGAS MORALES,.
459,16091,16090,TINGAMBATO,91,PAN,MARISOL LOPEZ FIGUEROA,X
460,16091,16090,TINGAMBATO,91,PRI,MARISOL LOPEZ FIGUEROA,.
461,16091,16090,TINGAMBATO,91,PRD,MARIO AGUILERA MARTINEZ,.
462,16091,16090,TINGAMBATO,91,PT,GRISELDA AGUILERA OROZCO,.
463,16091,16090,TINGAMBATO,91,PVEM,GRISELDA AGUILERA OROZCO,.
464,16091,16090,TINGAMBATO,91,MC,ADRIANA PADILLA IZARRARAZ,.
465,16091,16090,TINGAMBATO,91,MORENA,GRISELDA AGUILERA OROZCO,.
466,16091,16090,TINGAMBATO,91,PESM,EFRAIN PEREZ RAMIREZ,.
467,16091,16090,TINGAMBATO,91,MICH1,J. ELOY VILLANUEVA FIGUEROA,.
468,16091,16090,TINGAMBATO,91,C_PT_PVEM_MORENA,GRISELDA AGUILERA OROZCO,.
469,16091,16090,TINGAMBATO,91,C_PT_MORENA,GRISELDA AGUILERA OROZCO,.
470,16091,16090,TINGAMBATO,91,C_PAN_PRI,MARISOL LOPEZ FIGUEROA,.
645,16092,16091,TINGUINDIN,92,PAN,FATIMA DIAZ HUERTA,X
646,16092,16091,TINGUINDIN,92,PRI,CRISTINA INES AMEZCUA MURILLO,.
647,16092,16091,TINGUINDIN,92,PRD,HECTOR HORASIO SEGUNDO CARABEZ,.
648,16092,16091,TINGUINDIN,92,PT,GLENDA MENDOZA CRUZ,.
649,16092,16091,TINGUINDIN,92,PVEM,GLENDA MENDOZA CRUZ,.
650,16092,16091,TINGUINDIN,92,MC,ELVIA JUDITH OSEGUERA URENDA,.
651,16092,16091,TINGUINDIN,92,MORENA,GLENDA MENDOZA CRUZ,.
652,16092,16091,TINGUINDIN,92,PESM,HECTOR HORASIO SEGUNDO CARABEZ,.
653,16092,16091,TINGUINDIN,92,C_PT_PVEM_MORENA,GLENDA MENDOZA CRUZ,.
654,16092,16091,TINGUINDIN,92,C_PT_MORENA,GLENDA MENDOZA CRUZ,.
655,16092,16091,TINGUINDIN,92,C_PRD_PESM,HECTOR HORASIO SEGUNDO CARABEZ,.
957,16093,16092,TIQUICHEO DE NICOLAS ROMERO,93,PAN,MARIO REYES TAVERA,X
958,16093,16092,TIQUICHEO DE NICOLAS ROMERO,93,PRI,MARIO REYES TAVERA,.
959,16093,16092,TIQUICHEO DE NICOLAS ROMERO,93,PRD,CATALINA PEREZ NEGRON ESPINOZA,.
960,16093,16092,TIQUICHEO DE NICOLAS ROMERO,93,PT,EDUARDO PICENA REYES,.
961,16093,16092,TIQUICHEO DE NICOLAS ROMERO,93,PVEM,HORACIO ALBERTO ARROYO SOLORZANO,.
962,16093,16092,TIQUICHEO DE NICOLAS ROMERO,93,MC,OLGA JAIMES SIERRA,.
963,16093,16092,TIQUICHEO DE NICOLAS ROMERO,93,MORENA,EDUARDO PICENA REYES,.
964,16093,16092,TIQUICHEO DE NICOLAS ROMERO,93,PESM,CATALINA PEREZ NEGRON ESPINOZA,.
965,16093,16092,TIQUICHEO DE NICOLAS ROMERO,93,C_PT_MORENA,EDUARDO PICENA REYES,.
966,16093,16092,TIQUICHEO DE NICOLAS ROMERO,93,C_PAN_PRI,MARIO REYES TAVERA,.
967,16093,16092,TIQUICHEO DE NICOLAS ROMERO,93,C_PRD_PESM,CATALINA PEREZ NEGRON ESPINOZA,.
286,16094,16093,TLALPUJAHUA,94,PAN,EDUARDO ALBERTO ROJAS SANDOVAL,X
287,16094,16093,TLALPUJAHUA,94,PRI,EDUARDO ALBERTO ROJAS SANDOVAL,.
288,16094,16093,TLALPUJAHUA,94,PRD,EDUARDO ALBERTO ROJAS SANDOVAL,.
289,16094,16093,TLALPUJAHUA,94,PT,JORGE MEDINA MONTOYA,.
290,16094,16093,TLALPUJAHUA,94,PVEM,JORGE MEDINA MONTOYA,.
291,16094,16093,TLALPUJAHUA,94,MC,JUAN LUIS JACOBO TREJO,.
292,16094,16093,TLALPUJAHUA,94,MORENA,JORGE MEDINA MONTOYA,.
293,16094,16093,TLALPUJAHUA,94,PESM,PABLO COLIN CRUZ,.
294,16094,16093,TLALPUJAHUA,94,PMM,JOSE MIGUEL MERCADO PERDOMO,.
295,16094,16093,TLALPUJAHUA,94,TXM,ALFREDO BERRIOS ABAD,.
296,16094,16093,TLALPUJAHUA,94,C_PT_PVEM_MORENA,JORGE MEDINA MONTOYA,.
297,16094,16093,TLALPUJAHUA,94,C_PT_MORENA,JORGE MEDINA MONTOYA,.
298,16094,16093,TLALPUJAHUA,94,C_PAN_PRI_PRD,EDUARDO ALBERTO ROJAS SANDOVAL,.
299,16094,16093,TLALPUJAHUA,94,C_PAN_PRI,EDUARDO ALBERTO ROJAS SANDOVAL,.
300,16094,16093,TLALPUJAHUA,94,C_PRI_PRD,EDUARDO ALBERTO ROJAS SANDOVAL,.
515,16095,16094,TLAZAZALCA,95,PAN,EDELMIRA AGUILAR AGUILAR,X
516,16095,16094,TLAZAZALCA,95,PRI,EDELMIRA AGUILAR AGUILAR,.
517,16095,16094,TLAZAZALCA,95,PRD,AGUSTIN FERNANDEZ CENDEJAS,.
518,16095,16094,TLAZAZALCA,95,PT,GABRIELA SOLORIO CERDA,.
519,16095,16094,TLAZAZALCA,95,PVEM,ERNESTINA RODRIGUEZ ANDRADE,.
520,16095,16094,TLAZAZALCA,95,MORENA,CARLOS JOEL AGUILAR ENRIQUEZ,.
521,16095,16094,TLAZAZALCA,95,PESM,LILIANA MARRON RUBIO,.
522,16095,16094,TLAZAZALCA,95,PMM,SALVADOR DOMINGUEZ PRADO,.
523,16095,16094,TLAZAZALCA,95,MICH1,ZAIRA GREGORIO CALIXTO,.
524,16095,16094,TLAZAZALCA,95,C_PAN_PRI,EDELMIRA AGUILAR AGUILAR,.
656,16096,16095,TOCUMBO,96,PAN,JOSE LUIS  ALCAZAR RODRIGUEZ,X
657,16096,16095,TOCUMBO,96,PRI,JOSE LUIS  ALCAZAR RODRIGUEZ,.
658,16096,16095,TOCUMBO,96,PT,LUIS ENRIQUE TOSCANO SERVIN,.
659,16096,16095,TOCUMBO,96,PVEM,LUIS ENRIQUE TOSCANO SERVIN,.
660,16096,16095,TOCUMBO,96,MC,CRISTIAN OMAR CERVANTES CASTELLON,.
661,16096,16095,TOCUMBO,96,MORENA,LUIS ENRIQUE TOSCANO SERVIN,.
662,16096,16095,TOCUMBO,96,C_PT_PVEM_MORENA,LUIS ENRIQUE TOSCANO SERVIN,.
663,16096,16095,TOCUMBO,96,C_PT_MORENA,LUIS ENRIQUE TOSCANO SERVIN,.
664,16096,16095,TOCUMBO,96,C_PAN_PRI,JOSE LUIS  ALCAZAR RODRIGUEZ,.
1235,16097,16096,TUMBISCATIO,97,PAN,ELIZABETH PEÑA FAVELA,X
1236,16097,16096,TUMBISCATIO,97,PRI,ELIZABETH PEÑA FAVELA,.
1237,16097,16096,TUMBISCATIO,97,PRD,ELIZABETH PEÑA FAVELA,.
1238,16097,16096,TUMBISCATIO,97,PT,APOLONIO UREÑA MARTINEZ,.
1239,16097,16096,TUMBISCATIO,97,PVEM,APOLONIO UREÑA MARTINEZ,.
1240,16097,16096,TUMBISCATIO,97,MC,SIN CANDIDATURA,.
1241,16097,16096,TUMBISCATIO,97,MORENA,APOLONIO UREÑA MARTINEZ,.
1242,16097,16096,TUMBISCATIO,97,PMM,ADAN TAFOLLA ORTIZ,.
1243,16097,16096,TUMBISCATIO,97,C_PT_PVEM_MORENA,APOLONIO UREÑA MARTINEZ,.
1244,16097,16096,TUMBISCATIO,97,C_PT_MORENA,APOLONIO UREÑA MARTINEZ,.
1245,16097,16096,TUMBISCATIO,97,C_PAN_PRI_PRD,ELIZABETH PEÑA FAVELA,.
1246,16097,16096,TUMBISCATIO,97,C_PAN_PRI,ELIZABETH PEÑA FAVELA,.
1247,16097,16096,TUMBISCATIO,97,C_PRI_PRD,ELIZABETH PEÑA FAVELA,.
1050,16098,16097,TURICATO,98,PAN,DEIRA LIVIER MENDOZA HERRERA,X
1051,16098,16097,TURICATO,98,PRI,YESSENIA LIZBETH VAZQUEZ ALANIS,.
1052,16098,16097,TURICATO,98,PRD,DEIRA LIVIER MENDOZA HERRERA,.
1053,16098,16097,TURICATO,98,PT,GRACIELA HERNANDEZ ARREOLA,.
1054,16098,16097,TURICATO,98,PVEM,GRACIELA HERNANDEZ ARREOLA,.
1055,16098,16097,TURICATO,98,MC,PERLA MARINA HERNANDEZ ZUÑIGA,.
1056,16098,16097,TURICATO,98,MORENA,GRACIELA HERNANDEZ ARREOLA,.
1057,16098,16097,TURICATO,98,C_PT_PVEM_MORENA,GRACIELA HERNANDEZ ARREOLA,.
1058,16098,16097,TURICATO,98,C_PT_MORENA,GRACIELA HERNANDEZ ARREOLA,.
1059,16098,16097,TURICATO,98,C_PAN_PRD,DEIRA LIVIER MENDOZA HERRERA,.
968,16099,16098,TUXPAN,99,PAN,CARLOS ALBERTO PAREDES CORREA,X
969,16099,16098,TUXPAN,99,PRI,CARLOS ALBERTO PAREDES CORREA,.
970,16099,16098,TUXPAN,99,PRD,CARLOS ALBERTO PAREDES CORREA,.
971,16099,16098,TUXPAN,99,PT,DAVID LOPEZ FLORES,.
972,16099,16098,TUXPAN,99,PVEM,JOSE LUIS  PONCE  MENDOZA,.
973,16099,16098,TUXPAN,99,MC,ALEYDA JADZHI GUERRERO VALDESPINO,.
974,16099,16098,TUXPAN,99,MORENA,DAVID LOPEZ FLORES,.
975,16099,16098,TUXPAN,99,C_PT_MORENA,DAVID LOPEZ FLORES,.
976,16099,16098,TUXPAN,99,C_PAN_PRI_PRD,CARLOS ALBERTO PAREDES CORREA,.
977,16099,16098,TUXPAN,99,C_PAN_PRI,CARLOS ALBERTO PAREDES CORREA,.
978,16099,16098,TUXPAN,99,C_PRI_PRD,CARLOS ALBERTO PAREDES CORREA,.
979,16100,16099,TUZANTLA,100,PRI,MARCO ANTONIO SANDOVAL PEREZ,X
980,16100,16099,TUZANTLA,100,PRD,FERNANDO OCAMPO MERCADO,.
981,16100,16099,TUZANTLA,100,PT,LETICIA OCAMPO JAIMES,.
982,16100,16099,TUZANTLA,100,PVEM,LETICIA OCAMPO JAIMES,.
983,16100,16099,TUZANTLA,100,MORENA,LETICIA OCAMPO JAIMES,.
984,16100,16099,TUZANTLA,100,C_PT_PVEM_MORENA,LETICIA OCAMPO JAIMES,.
985,16100,16099,TUZANTLA,100,C_PT_MORENA,LETICIA OCAMPO JAIMES,.
872,16101,16100,TZINTZUNTZAN,101,PAN,MARIA DEL ROSARIO BARRIGA MARTINEZ,X
873,16101,16100,TZINTZUNTZAN,101,PRI,FILIBERTO VILLAGOMEZ ESTRADA,.
874,16101,16100,TZINTZUNTZAN,101,PRD,J. GUADALUPE RAMIREZ REYES,.
875,16101,16100,TZINTZUNTZAN,101,PT,PATRICIO GARCIA ALVA,.
876,16101,16100,TZINTZUNTZAN,101,PVEM,PATRICIO GARCIA ALVA,.
877,16101,16100,TZINTZUNTZAN,101,MC,LUIS MANUEL HERACLIO TORRES,.
878,16101,16100,TZINTZUNTZAN,101,MORENA,PATRICIO GARCIA ALVA,.
879,16101,16100,TZINTZUNTZAN,101,PESM,J. GUADALUPE RAMIREZ REYES,.
880,16101,16100,TZINTZUNTZAN,101,MICH1,ANTONIO MUÑOZ BARRIGA,.
881,16101,16100,TZINTZUNTZAN,101,TXM,LUIS FELIPE DIAZ MORALES,.
882,16101,16100,TZINTZUNTZAN,101,C_PT_PVEM_MORENA,PATRICIO GARCIA ALVA,.
883,16101,16100,TZINTZUNTZAN,101,C_PT_MORENA,PATRICIO GARCIA ALVA,.
884,16101,16100,TZINTZUNTZAN,101,C_PRD_PESM,J. GUADALUPE RAMIREZ REYES,.
986,16102,16101,TZITZIO,102,PAN,MIRIAM CORREA CORREA,X
987,16102,16101,TZITZIO,102,PRI,JOSE NAUNELI PEREZ AVILES,.
988,16102,16101,TZITZIO,102,PRD,MIRIAM CORREA CORREA,.
989,16102,16101,TZITZIO,102,PT,EMILIA HERRERA SANCHEZ,.
990,16102,16101,TZITZIO,102,PVEM,EMILIA HERRERA SANCHEZ,.
991,16102,16101,TZITZIO,102,MORENA,EMILIA HERRERA SANCHEZ,.
992,16102,16101,TZITZIO,102,C_PT_PVEM_MORENA,EMILIA HERRERA SANCHEZ,.
993,16102,16101,TZITZIO,102,C_PT_MORENA,EMILIA HERRERA SANCHEZ,.
994,16102,16101,TZITZIO,102,C_PAN_PRD,MIRIAM CORREA CORREA,.
788,16103,16102,URUAPAN,103,PAN,JUAN RAFAEL ELVIRA QUESADA,X
789,16103,16102,URUAPAN,103,PRI,JUAN RAFAEL ELVIRA QUESADA,.
790,16103,16102,URUAPAN,103,PRD,JUAN RAFAEL ELVIRA QUESADA,.
791,16103,16102,URUAPAN,103,PT,IGNACIO BENJAMIN CAMPOS EQUIHUA,.
792,16103,16102,URUAPAN,103,PVEM,IGNACIO BENJAMIN CAMPOS EQUIHUA,.
793,16103,16102,URUAPAN,103,MC,LUIS MANUEL MAGAÑA MAGAÑA,.
794,16103,16102,URUAPAN,103,MORENA,IGNACIO BENJAMIN CAMPOS EQUIHUA,.
795,16103,16102,URUAPAN,103,PESM,ILDEFONSO  SOLIS HEREDIA,.
796,16103,16102,URUAPAN,103,PMM,MARTHA ELENA  OLALDE EQUIHUA,.
797,16103,16102,URUAPAN,103,MICH1,MARIO ALBERTO MARES CARBAJAL,.
798,16103,16102,URUAPAN,103,TXM,ANA GRISELDA VALENCIA PEREZ,.
799,16103,16102,URUAPAN,103,CAND_IND_1,CARLOS ALBERTO  MANZO  RODRIGUEZ,.
800,16103,16102,URUAPAN,103,C_PT_PVEM_MORENA,IGNACIO BENJAMIN CAMPOS EQUIHUA,.
801,16103,16102,URUAPAN,103,C_PT_MORENA,IGNACIO BENJAMIN CAMPOS EQUIHUA,.
802,16103,16102,URUAPAN,103,C_PAN_PRI_PRD,JUAN RAFAEL ELVIRA QUESADA,.
803,16103,16102,URUAPAN,103,C_PAN_PRI,JUAN RAFAEL ELVIRA QUESADA,.
804,16103,16102,URUAPAN,103,C_PRI_PRD,JUAN RAFAEL ELVIRA QUESADA,.
367,16104,16103,VENUSTIANO CARRANZA,104,PAN,YOLANDA MAYELA MACIAS HERNANDEZ,X
368,16104,16103,VENUSTIANO CARRANZA,104,PRI,YOLANDA MAYELA MACIAS HERNANDEZ,.
369,16104,16103,VENUSTIANO CARRANZA,104,PRD,ALYCER ALANIS CERVANTES,.
370,16104,16103,VENUSTIANO CARRANZA,104,PT,ADRIANA KARINA CHAVEZ HERNANDEZ,.
371,16104,16103,VENUSTIANO CARRANZA,104,PVEM,ADRIANA KARINA CHAVEZ HERNANDEZ,.
372,16104,16103,VENUSTIANO CARRANZA,104,MC,HUGO MEJIA ZEPEDA,.
373,16104,16103,VENUSTIANO CARRANZA,104,MORENA,ADRIANA KARINA CHAVEZ HERNANDEZ,.
374,16104,16103,VENUSTIANO CARRANZA,104,PESM,ALYCER ALANIS CERVANTES,.
375,16104,16103,VENUSTIANO CARRANZA,104,MICH1,VERONICA NAVARRETE MUÑIZ,.
376,16104,16103,VENUSTIANO CARRANZA,104,C_PT_PVEM_MORENA,ADRIANA KARINA CHAVEZ HERNANDEZ,.
377,16104,16103,VENUSTIANO CARRANZA,104,C_PT_MORENA,ADRIANA KARINA CHAVEZ HERNANDEZ,.
378,16104,16103,VENUSTIANO CARRANZA,104,C_PAN_PRI,YOLANDA MAYELA MACIAS HERNANDEZ,.
379,16104,16103,VENUSTIANO CARRANZA,104,C_PRD_PESM,ALYCER ALANIS CERVANTES,.
665,16105,16104,VILLAMAR,105,PAN,FROYLAN ZAMBRANO LOPEZ,X
666,16105,16104,VILLAMAR,105,PRI,FROYLAN ZAMBRANO LOPEZ,.
667,16105,16104,VILLAMAR,105,PRD,FROYLAN ZAMBRANO LOPEZ,.
668,16105,16104,VILLAMAR,105,PT,ISIDRO RODRIGUEZ MARTINEZ,.
669,16105,16104,VILLAMAR,105,PVEM,ISIDRO RODRIGUEZ MARTINEZ,.
670,16105,16104,VILLAMAR,105,MC,LUIS NOE MENDEZ SORIA,.
671,16105,16104,VILLAMAR,105,MORENA,ISIDRO RODRIGUEZ MARTINEZ,.
672,16105,16104,VILLAMAR,105,PESM,LUIS REY PEREZ RENDON,.
673,16105,16104,VILLAMAR,105,C_PT_PVEM_MORENA,ISIDRO RODRIGUEZ MARTINEZ,.
674,16105,16104,VILLAMAR,105,C_PT_MORENA,ISIDRO RODRIGUEZ MARTINEZ,.
675,16105,16104,VILLAMAR,105,C_PAN_PRI_PRD,FROYLAN ZAMBRANO LOPEZ,.
676,16105,16104,VILLAMAR,105,C_PAN_PRI,FROYLAN ZAMBRANO LOPEZ,.
677,16105,16104,VILLAMAR,105,C_PRI_PRD,FROYLAN ZAMBRANO LOPEZ,.
380,16106,16105,VISTA HERMOSA,106,PAN,YOLANDA VANESSA HIRUGAMI CARRION,X
381,16106,16105,VISTA HERMOSA,106,PRI,YOLANDA VANESSA HIRUGAMI CARRION,.
382,16106,16105,VISTA HERMOSA,106,PRD,YOLANDA VANESSA HIRUGAMI CARRION,.
383,16106,16105,VISTA HERMOSA,106,PT,J. DOLORES MARTINEZ GARIBAY,.
384,16106,16105,VISTA HERMOSA,106,PVEM,J. DOLORES MARTINEZ GARIBAY,.
385,16106,16105,VISTA HERMOSA,106,MC,MONICA ARACELI MERITO CRUZ,.
386,16106,16105,VISTA HERMOSA,106,MORENA,J. DOLORES MARTINEZ GARIBAY,.
387,16106,16105,VISTA HERMOSA,106,MICH1,MA EUGENIA CARDENAS GALLEGOS,.
388,16106,16105,VISTA HERMOSA,106,C_PT_PVEM_MORENA,J. DOLORES MARTINEZ GARIBAY,.
389,16106,16105,VISTA HERMOSA,106,C_PT_MORENA,J. DOLORES MARTINEZ GARIBAY,.
390,16106,16105,VISTA HERMOSA,106,C_PAN_PRI_PRD,YOLANDA VANESSA HIRUGAMI CARRION,.
391,16106,16105,VISTA HERMOSA,106,C_PAN_PRI,YOLANDA VANESSA HIRUGAMI CARRION,.
392,16106,16105,VISTA HERMOSA,106,C_PRI_PRD,YOLANDA VANESSA HIRUGAMI CARRION,.
68,16107,16106,YURECUARO,107,PAN,LUIS MANUEL CAMPOS GONZALEZ,X
69,16107,16106,YURECUARO,107,PRD,SIN CANDIDATURA,.
70,16107,16106,YURECUARO,107,PT,JOSE LUIS RODRIGUEZ COVARRUBIAS,.
71,16107,16106,YURECUARO,107,PVEM,MOISES NAVARRO ARELLANO,.
72,16107,16106,YURECUARO,107,MC,CAROLINA RODRIGUEZ MENDEZ,.
73,16107,16106,YURECUARO,107,MORENA,MOISES NAVARRO ARELLANO,.
74,16107,16106,YURECUARO,107,PESM,VERONICA HERMELINDA CUELLAR MONTEJANO,.
75,16107,16106,YURECUARO,107,TXM,MARIO RODRIGUEZ VILLANUEVA,.
76,16107,16106,YURECUARO,107,C_PVEM_MORENA,MOISES NAVARRO ARELLANO,.
525,16108,16107,ZACAPU,108,PAN,JOSE MANUEL MENDEZ LOPEZ,X
526,16108,16107,ZACAPU,108,PRI,JOSE MANUEL MENDEZ LOPEZ,.
527,16108,16107,ZACAPU,108,PRD,JOSE MANUEL MENDEZ LOPEZ,.
528,16108,16107,ZACAPU,108,PT,MONICA ESTELA VALDEZ PULIDO,.
529,16108,16107,ZACAPU,108,PVEM,MONICA ESTELA VALDEZ PULIDO,.
530,16108,16107,ZACAPU,108,MC,GERARDO SOSA MARTINEZ,.
531,16108,16107,ZACAPU,108,MORENA,MONICA ESTELA VALDEZ PULIDO,.
532,16108,16107,ZACAPU,108,PESM,PEDRO RAMOS GARCIA,.
533,16108,16107,ZACAPU,108,TXM,ELIAS LOYA BEDOLLA,.
534,16108,16107,ZACAPU,108,C_PT_PVEM_MORENA,MONICA ESTELA VALDEZ PULIDO,.
535,16108,16107,ZACAPU,108,C_PT_MORENA,MONICA ESTELA VALDEZ PULIDO,.
536,16108,16107,ZACAPU,108,C_PAN_PRI_PRD,JOSE MANUEL MENDEZ LOPEZ,.
537,16108,16107,ZACAPU,108,C_PAN_PRI,JOSE MANUEL MENDEZ LOPEZ,.
538,16108,16107,ZACAPU,108,C_PRI_PRD,JOSE MANUEL MENDEZ LOPEZ,.
471,16109,16108,ZAMORA,109,PAN,CARLOS ALBERTO SOTO DELGADO,X
472,16109,16108,ZAMORA,109,PRI,JUAN CARLOS LOAIZA FERREIRA,.
473,16109,16108,ZAMORA,109,PRD,JUAN CARLOS LOAIZA FERREIRA,.
474,16109,16108,ZAMORA,109,PT,MARIA TERESA MORA COVARRUBIAS,.
475,16109,16108,ZAMORA,109,PVEM,MARIA TERESA MORA COVARRUBIAS,.
476,16109,16108,ZAMORA,109,MC,MARIO ALBERTO MENDEZ ECHEVARRIA,.
477,16109,16108,ZAMORA,109,MORENA,MARIA TERESA MORA COVARRUBIAS,.
478,16109,16108,ZAMORA,109,PMM,JORGE HERNANDEZ ALVAREZ,.
479,16109,16108,ZAMORA,109,TXM,ELSA ERENDIRA ZARAGOZA TORRES,.
480,16109,16108,ZAMORA,109,C_PT_PVEM_MORENA,MARIA TERESA MORA COVARRUBIAS,.
481,16109,16108,ZAMORA,109,C_PT_MORENA,MARIA TERESA MORA COVARRUBIAS,.
482,16109,16108,ZAMORA,109,C_PRI_PRD,JUAN CARLOS LOAIZA FERREIRA,.
77,16110,16109,ZINAPARO,110,PAN,EMILIANO ZAVALA CAZAREZ,X
78,16110,16109,ZINAPARO,110,PRI,EMILIANO ZAVALA CAZAREZ,.
79,16110,16109,ZINAPARO,110,PRD,EMILIANO ZAVALA CAZAREZ,.
80,16110,16109,ZINAPARO,110,PT,CARLA YAQUELIN GONZALEZ MENDOZA,.
81,16110,16109,ZINAPARO,110,PVEM,ALEJANDRA ARACELI MADRIGAL GAMIÑO,.
82,16110,16109,ZINAPARO,110,MC,ARTURO BLANCO AGUILERA,.
83,16110,16109,ZINAPARO,110,MORENA,YESSENIA FERNANDA MUÑOZ REYES,.
84,16110,16109,ZINAPARO,110,PESM,SAMUEL CANCHOLA VENEGAS,.
85,16110,16109,ZINAPARO,110,C_PAN_PRI_PRD,EMILIANO ZAVALA CAZAREZ,.
86,16110,16109,ZINAPARO,110,C_PAN_PRI,EMILIANO ZAVALA CAZAREZ,.
87,16110,16109,ZINAPARO,110,C_PRI_PRD,EMILIANO ZAVALA CAZAREZ,.
725,16111,16110,ZINAPECUARO,111,PAN,HERIBERTO HUERTA PIÑA,X
726,16111,16110,ZINAPECUARO,111,PRI,MARIANO TENA SANCHEZ,.
727,16111,16110,ZINAPECUARO,111,PRD,HERIBERTO HUERTA PIÑA,.
728,16111,16110,ZINAPECUARO,111,PT,JORDAN REYES GARCIA,.
729,16111,16110,ZINAPECUARO,111,PVEM,JORDAN REYES GARCIA,.
730,16111,16110,ZINAPECUARO,111,MC,EDUARDO ZARATE VARGAS,.
731,16111,16110,ZINAPECUARO,111,MORENA,JORDAN REYES GARCIA,.
732,16111,16110,ZINAPECUARO,111,PESM,ARTURO ANTONIO RODRIGUEZ  SALCEDO,.
733,16111,16110,ZINAPECUARO,111,TXM,JOAQUIN MENDOZA GARCIA,.
734,16111,16110,ZINAPECUARO,111,C_PT_PVEM_MORENA,JORDAN REYES GARCIA,.
735,16111,16110,ZINAPECUARO,111,C_PT_MORENA,JORDAN REYES GARCIA,.
736,16111,16110,ZINAPECUARO,111,C_PAN_PRD,HERIBERTO HUERTA PIÑA,.
1248,16112,16111,ZIRACUARETIRO,112,PAN,ALBERTO OROBIO ARRIAGA,X
1249,16112,16111,ZIRACUARETIRO,112,PRI,ALBERTO OROBIO ARRIAGA,.
1250,16112,16111,ZIRACUARETIRO,112,PRD,ANTONIO ABAD MARTINEZ,.
1251,16112,16111,ZIRACUARETIRO,112,PT,ROCIO MOLINA ANDRADE,.
1252,16112,16111,ZIRACUARETIRO,112,PVEM,ITZEL GAONA BEDOLLA,.
1253,16112,16111,ZIRACUARETIRO,112,MC,MARIA DE LOURDES PARRA NEGRETE,.
1254,16112,16111,ZIRACUARETIRO,112,MORENA,ITZEL GAONA BEDOLLA,.
1255,16112,16111,ZIRACUARETIRO,112,PESM,ANTONIO ABAD MARTINEZ,.
1256,16112,16111,ZIRACUARETIRO,112,C_PVEM_MORENA,ITZEL GAONA BEDOLLA,.
1257,16112,16111,ZIRACUARETIRO,112,C_PAN_PRI,ALBERTO OROBIO ARRIAGA,.
1258,16112,16111,ZIRACUARETIRO,112,C_PRD_PESM,ANTONIO ABAD MARTINEZ,.
760,16113,16112,ZITACUARO,113,PAN,ROSA MARIA SALINAS TELLEZ,X
761,16113,16112,ZITACUARO,113,PRI,ROSA MARIA SALINAS TELLEZ,.
762,16113,16112,ZITACUARO,113,PRD,ROSA MARIA SALINAS TELLEZ,.
763,16113,16112,ZITACUARO,113,PT,JUAN ANTONIO IXTLAHUAC ORIHUELA,.
764,16113,16112,ZITACUARO,113,PVEM,ARMANDO CARMONA GUZMAN,.
765,16113,16112,ZITACUARO,113,MC,MARIA LUISA FRUTIS ELIZALDE,.
766,16113,16112,ZITACUARO,113,MORENA,JUAN ANTONIO IXTLAHUAC ORIHUELA,.
767,16113,16112,ZITACUARO,113,PESM,FANY CASIQUE ALVAREZ,.
768,16113,16112,ZITACUARO,113,PMM,CLAUDIA ESMERALDA PEREZ GARCIA,.
769,16113,16112,ZITACUARO,113,TXM,KIMBERIEY FRAGOSO SOTO,.
770,16113,16112,ZITACUARO,113,CAND_IND_1,J. ANTONIO BERNAL BUSTAMANTE,.
771,16113,16112,ZITACUARO,113,C_PT_MORENA,JUAN ANTONIO IXTLAHUAC ORIHUELA,.
772,16113,16112,ZITACUARO,113,C_PAN_PRI_PRD,ROSA MARIA SALINAS TELLEZ,.
773,16113,16112,ZITACUARO,113,C_PAN_PRI,ROSA MARIA SALINAS TELLEZ,.
774,16113,16112,ZITACUARO,113,C_PRI_PRD,ROSA MARIA SALINAS TELLEZ,.
159,16046,16113,JOSE SIXTO VERDUZCO,46,PAN,JOSE DE JESUS POLINA ESTRADA,X
160,16046,16113,JOSE SIXTO VERDUZCO,46,PRI,JOSE DE JESUS POLINA ESTRADA,.
161,16046,16113,JOSE SIXTO VERDUZCO,46,PRD,JOSE DE JESUS POLINA ESTRADA,.
162,16046,16113,JOSE SIXTO VERDUZCO,46,PT,IBETH LOURDES AVILA PEREZ,.
163,16046,16113,JOSE SIXTO VERDUZCO,46,PVEM,IBETH LOURDES AVILA PEREZ,.
164,16046,16113,JOSE SIXTO VERDUZCO,46,MC,ENRIQUE RAMOS VARGAS,.
165,16046,16113,JOSE SIXTO VERDUZCO,46,MORENA,IBETH LOURDES AVILA PEREZ,.
166,16046,16113,JOSE SIXTO VERDUZCO,46,PESM,NOE VEGA MENDOZA,.
167,16046,16113,JOSE SIXTO VERDUZCO,46,PMM,JOSE GUSTAVO ROBLEDO AGABO,.
168,16046,16113,JOSE SIXTO VERDUZCO,46,TXM,JEIMY RUBY AYALA NUÑEZ,.
169,16046,16113,JOSE SIXTO VERDUZCO,46,C_PT_PVEM_MORENA,IBETH LOURDES AVILA PEREZ,.
170,16046,16113,JOSE SIXTO VERDUZCO,46,C_PT_MORENA,IBETH LOURDES AVILA PEREZ,.
171,16046,16113,JOSE SIXTO VERDUZCO,46,C_PAN_PRI_PRD,JOSE DE JESUS POLINA ESTRADA,.
172,16046,16113,JOSE SIXTO VERDUZCO,46,C_PAN_PRI,JOSE DE JESUS POLINA ESTRADA,.
173,16046,16113,JOSE SIXTO VERDUZCO,46,C_PRI_PRD,JOSE DE JESUS POLINA ESTRADA,.
